-- MySQL dump 10.13  Distrib 8.0.43, for Win64 (x86_64)
--
-- Host: localhost    Database: hw2
-- ------------------------------------------------------
-- Server version	8.0.43

/*!40101 SET @OLD_CHARACTER_SET_CLIENT=@@CHARACTER_SET_CLIENT */;
/*!40101 SET @OLD_CHARACTER_SET_RESULTS=@@CHARACTER_SET_RESULTS */;
/*!40101 SET @OLD_COLLATION_CONNECTION=@@COLLATION_CONNECTION */;
/*!50503 SET NAMES utf8mb4 */;
/*!40103 SET @OLD_TIME_ZONE=@@TIME_ZONE */;
/*!40103 SET TIME_ZONE='+00:00' */;
/*!40014 SET @OLD_UNIQUE_CHECKS=@@UNIQUE_CHECKS, UNIQUE_CHECKS=0 */;
/*!40014 SET @OLD_FOREIGN_KEY_CHECKS=@@FOREIGN_KEY_CHECKS, FOREIGN_KEY_CHECKS=0 */;
/*!40101 SET @OLD_SQL_MODE=@@SQL_MODE, SQL_MODE='NO_AUTO_VALUE_ON_ZERO' */;
/*!40111 SET @OLD_SQL_NOTES=@@SQL_NOTES, SQL_NOTES=0 */;

--
-- Table structure for table `cache`
--

DROP TABLE IF EXISTS `cache`;
/*!40101 SET @saved_cs_client     = @@character_set_client */;
/*!50503 SET character_set_client = utf8mb4 */;
CREATE TABLE `cache` (
  `key` varchar(255) CHARACTER SET utf8mb4 COLLATE utf8mb4_unicode_ci NOT NULL,
  `value` mediumtext CHARACTER SET utf8mb4 COLLATE utf8mb4_unicode_ci NOT NULL,
  `expiration` int NOT NULL,
  PRIMARY KEY (`key`)
) ENGINE=InnoDB DEFAULT CHARSET=utf8mb4 COLLATE=utf8mb4_unicode_ci;
/*!40101 SET character_set_client = @saved_cs_client */;

--
-- Dumping data for table `cache`
--

LOCK TABLES `cache` WRITE;
/*!40000 ALTER TABLE `cache` DISABLE KEYS */;
/*!40000 ALTER TABLE `cache` ENABLE KEYS */;
UNLOCK TABLES;

--
-- Table structure for table `cache_locks`
--

DROP TABLE IF EXISTS `cache_locks`;
/*!40101 SET @saved_cs_client     = @@character_set_client */;
/*!50503 SET character_set_client = utf8mb4 */;
CREATE TABLE `cache_locks` (
  `key` varchar(255) CHARACTER SET utf8mb4 COLLATE utf8mb4_unicode_ci NOT NULL,
  `owner` varchar(255) CHARACTER SET utf8mb4 COLLATE utf8mb4_unicode_ci NOT NULL,
  `expiration` int NOT NULL,
  PRIMARY KEY (`key`)
) ENGINE=InnoDB DEFAULT CHARSET=utf8mb4 COLLATE=utf8mb4_unicode_ci;
/*!40101 SET character_set_client = @saved_cs_client */;

--
-- Dumping data for table `cache_locks`
--

LOCK TABLES `cache_locks` WRITE;
/*!40000 ALTER TABLE `cache_locks` DISABLE KEYS */;
/*!40000 ALTER TABLE `cache_locks` ENABLE KEYS */;
UNLOCK TABLES;

--
-- Table structure for table `carrello`
--

DROP TABLE IF EXISTS `carrello`;
/*!40101 SET @saved_cs_client     = @@character_set_client */;
/*!50503 SET character_set_client = utf8mb4 */;
CREATE TABLE `carrello` (
  `email` varchar(255) CHARACTER SET utf8mb4 COLLATE utf8mb4_general_ci NOT NULL,
  `id_piatto` int NOT NULL,
  `id_ristorante` int NOT NULL,
  PRIMARY KEY (`email`,`id_piatto`)
) ENGINE=InnoDB DEFAULT CHARSET=utf8mb4 COLLATE=utf8mb4_general_ci;
/*!40101 SET character_set_client = @saved_cs_client */;

--
-- Dumping data for table `carrello`
--

LOCK TABLES `carrello` WRITE;
/*!40000 ALTER TABLE `carrello` DISABLE KEYS */;
INSERT INTO `carrello` VALUES ('animalkartwii@gmail.com',16,2),('animalkartwii@gmail.com',17,2),('animalkartwii@gmail.com',21,3),('animalkartwii@gmail.com',25,3),('animalkartwii@gmail.com',26,3),('animalkartwii@gmail.com',27,3),('animalkartwii@gmail.com',30,3),('animalkartwii@gmail.com',85,9),('animalkartwii@gmail.com',88,9),('ciao@gmail.com',1,1),('ciao@gmail.com',2,1),('ciao@gmail.com',63,7),('ciao@gmail.com',65,7),('ciao@gmail.com',66,7),('giannimorandi@gmail.com',164,114),('giannimorandi@gmail.com',166,114),('prova@gmail.com',1,1),('prova@gmail.com',4,1),('prova@gmail.com',51,272),('prova@gmail.com',52,272);
/*!40000 ALTER TABLE `carrello` ENABLE KEYS */;
UNLOCK TABLES;

--
-- Table structure for table `cucine_preferite`
--

DROP TABLE IF EXISTS `cucine_preferite`;
/*!40101 SET @saved_cs_client     = @@character_set_client */;
/*!50503 SET character_set_client = utf8mb4 */;
CREATE TABLE `cucine_preferite` (
  `email` varchar(64) CHARACTER SET utf8mb4 COLLATE utf8mb4_general_ci NOT NULL,
  `id_cucina` int NOT NULL,
  PRIMARY KEY (`email`,`id_cucina`),
  KEY `id_cucina` (`id_cucina`),
  CONSTRAINT `cucine_preferite_ibfk_1` FOREIGN KEY (`email`) REFERENCES `users` (`email`),
  CONSTRAINT `cucine_preferite_ibfk_2` FOREIGN KEY (`id_cucina`) REFERENCES `tipicucina` (`id`)
) ENGINE=InnoDB DEFAULT CHARSET=utf8mb4 COLLATE=utf8mb4_general_ci;
/*!40101 SET character_set_client = @saved_cs_client */;

--
-- Dumping data for table `cucine_preferite`
--

LOCK TABLES `cucine_preferite` WRITE;
/*!40000 ALTER TABLE `cucine_preferite` DISABLE KEYS */;
INSERT INTO `cucine_preferite` VALUES ('animalkartwii@gmail.com',1),('animalkartwii@gmail.com',2),('animalkartwii@gmail.com',3),('giannimorandi@gmail.com',3),('giannimorandi@gmail.com',7);
/*!40000 ALTER TABLE `cucine_preferite` ENABLE KEYS */;
UNLOCK TABLES;

--
-- Table structure for table `failed_jobs`
--

DROP TABLE IF EXISTS `failed_jobs`;
/*!40101 SET @saved_cs_client     = @@character_set_client */;
/*!50503 SET character_set_client = utf8mb4 */;
CREATE TABLE `failed_jobs` (
  `id` bigint unsigned NOT NULL AUTO_INCREMENT,
  `uuid` varchar(255) CHARACTER SET utf8mb4 COLLATE utf8mb4_unicode_ci NOT NULL,
  `connection` text CHARACTER SET utf8mb4 COLLATE utf8mb4_unicode_ci NOT NULL,
  `queue` text CHARACTER SET utf8mb4 COLLATE utf8mb4_unicode_ci NOT NULL,
  `payload` longtext CHARACTER SET utf8mb4 COLLATE utf8mb4_unicode_ci NOT NULL,
  `exception` longtext CHARACTER SET utf8mb4 COLLATE utf8mb4_unicode_ci NOT NULL,
  `failed_at` timestamp NOT NULL DEFAULT CURRENT_TIMESTAMP,
  PRIMARY KEY (`id`),
  UNIQUE KEY `failed_jobs_uuid_unique` (`uuid`)
) ENGINE=InnoDB DEFAULT CHARSET=utf8mb4 COLLATE=utf8mb4_unicode_ci;
/*!40101 SET character_set_client = @saved_cs_client */;

--
-- Dumping data for table `failed_jobs`
--

LOCK TABLES `failed_jobs` WRITE;
/*!40000 ALTER TABLE `failed_jobs` DISABLE KEYS */;
/*!40000 ALTER TABLE `failed_jobs` ENABLE KEYS */;
UNLOCK TABLES;

--
-- Table structure for table `job_batches`
--

DROP TABLE IF EXISTS `job_batches`;
/*!40101 SET @saved_cs_client     = @@character_set_client */;
/*!50503 SET character_set_client = utf8mb4 */;
CREATE TABLE `job_batches` (
  `id` varchar(255) CHARACTER SET utf8mb4 COLLATE utf8mb4_unicode_ci NOT NULL,
  `name` varchar(255) CHARACTER SET utf8mb4 COLLATE utf8mb4_unicode_ci NOT NULL,
  `total_jobs` int NOT NULL,
  `pending_jobs` int NOT NULL,
  `failed_jobs` int NOT NULL,
  `failed_job_ids` longtext CHARACTER SET utf8mb4 COLLATE utf8mb4_unicode_ci NOT NULL,
  `options` mediumtext CHARACTER SET utf8mb4 COLLATE utf8mb4_unicode_ci,
  `cancelled_at` int DEFAULT NULL,
  `created_at` int NOT NULL,
  `finished_at` int DEFAULT NULL,
  PRIMARY KEY (`id`)
) ENGINE=InnoDB DEFAULT CHARSET=utf8mb4 COLLATE=utf8mb4_unicode_ci;
/*!40101 SET character_set_client = @saved_cs_client */;

--
-- Dumping data for table `job_batches`
--

LOCK TABLES `job_batches` WRITE;
/*!40000 ALTER TABLE `job_batches` DISABLE KEYS */;
/*!40000 ALTER TABLE `job_batches` ENABLE KEYS */;
UNLOCK TABLES;

--
-- Table structure for table `jobs`
--

DROP TABLE IF EXISTS `jobs`;
/*!40101 SET @saved_cs_client     = @@character_set_client */;
/*!50503 SET character_set_client = utf8mb4 */;
CREATE TABLE `jobs` (
  `id` bigint unsigned NOT NULL AUTO_INCREMENT,
  `queue` varchar(255) CHARACTER SET utf8mb4 COLLATE utf8mb4_unicode_ci NOT NULL,
  `payload` longtext CHARACTER SET utf8mb4 COLLATE utf8mb4_unicode_ci NOT NULL,
  `attempts` tinyint unsigned NOT NULL,
  `reserved_at` int unsigned DEFAULT NULL,
  `available_at` int unsigned NOT NULL,
  `created_at` int unsigned NOT NULL,
  PRIMARY KEY (`id`),
  KEY `jobs_queue_index` (`queue`)
) ENGINE=InnoDB DEFAULT CHARSET=utf8mb4 COLLATE=utf8mb4_unicode_ci;
/*!40101 SET character_set_client = @saved_cs_client */;

--
-- Dumping data for table `jobs`
--

LOCK TABLES `jobs` WRITE;
/*!40000 ALTER TABLE `jobs` DISABLE KEYS */;
/*!40000 ALTER TABLE `jobs` ENABLE KEYS */;
UNLOCK TABLES;

--
-- Table structure for table `menu`
--

DROP TABLE IF EXISTS `menu`;
/*!40101 SET @saved_cs_client     = @@character_set_client */;
/*!50503 SET character_set_client = utf8mb4 */;
CREATE TABLE `menu` (
  `id_piatto` int NOT NULL AUTO_INCREMENT,
  `nome_piatto` varchar(255) CHARACTER SET utf8mb4 COLLATE utf8mb4_general_ci NOT NULL,
  `prezzo` decimal(6,2) NOT NULL,
  PRIMARY KEY (`id_piatto`)
) ENGINE=InnoDB AUTO_INCREMENT=243 DEFAULT CHARSET=utf8mb4 COLLATE=utf8mb4_general_ci;
/*!40101 SET character_set_client = @saved_cs_client */;

--
-- Dumping data for table `menu`
--

LOCK TABLES `menu` WRITE;
/*!40000 ALTER TABLE `menu` DISABLE KEYS */;
INSERT INTO `menu` VALUES (1,'Spaghetti al Pomodoro Fresco',9.50),(2,'Risotto ai Funghi Porcini',12.00),(3,'Lasagne alla Bolognese',11.50),(4,'Ravioli di Zucca con Burro e Salvia',13.00),(5,'Gnocchi al Pesto Genovese',10.50),(6,'Fettuccine Alfredo',10.00),(7,'Carbonara Classica',11.00),(8,'Pizza Margherita',8.00),(9,'Pizza Diavola',9.00),(10,'Pizza Quattro Stagioni',9.50),(11,'Focaccia con Rosmarino',4.00),(12,'Bruschetta al Pomodoro',5.50),(13,'Insalata Caprese',7.00),(14,'Prosciutto e Melone',9.00),(15,'Tagliere di Salumi e Formaggi',14.00),(16,'Filetto di Manzo con Patate al Forno',22.00),(17,'Costoletta alla Milanese',18.00),(18,'Ossobuco alla Milanese',20.00),(19,'Scaloppine al Limone',16.00),(20,'Pollo alla Cacciatora',15.00),(21,'Salmone alla Griglia con Asparagi',19.50),(22,'Frittura di Pesce',17.00),(23,'Orata al Sale',21.00),(24,'Spigola al Forno con Verdure',23.00),(25,'Tiramis+',6.00),(26,'Panna Cotta ai Frutti di Bosco',5.50),(27,'Semifreddo al Torroncino',6.50),(28,'Cannolo Siciliano',4.50),(29,'Gelato Artigianale',4.00),(30,'Zuppa di Verdure Fresche',8.50),(31,'Minestrone alla Genovese',9.00),(32,'Cacio e Pepe',10.80),(33,'Aglio, Olio e Peperoncino',9.00),(34,'Pasta alla Norma',11.20),(35,'Risotto alla Pescatora',15.00),(36,'Orecchiette con Cime di Rapa',12.50),(37,'Saltimbocca alla Romana',18.50),(38,'Polpette al Sugo',13.50),(39,'Melanzane alla Parmigiana',10.00),(40,'Fiori di Zucca Fritti',7.50),(41,'Arancini di Riso',6.00),(42,'Suppl+',5.00),(43,'Bistecca alla Fiorentina (al kg)',45.00),(44,'Costolette d\'Agnello Scottadito',20.00),(45,'Coniglio all\'Ischitana',16.50),(46,'Pepata di Cozze',12.00),(47,'Soute di Vongole',13.00),(48,'Zuppa di Pesce',25.00),(49,'Baccal+',17.50),(50,'Polpo con Patate',14.00),(51,'Seppie con Piselli',15.50),(52,'Gamberoni al Sale',22.00),(53,'Calamari Fritti',16.00),(54,'Torta della Nonna',5.80),(55,'Bab+',5.00),(56,'Pastiera Napoletana',6.20),(57,'Cassata Siciliana',7.00),(58,'Sfogliatella Riccia',3.50),(59,'Insalata Mista',5.00),(60,'Patate Fritte',4.50),(61,'Spinaci Saltati in Padella',5.00),(62,'Broccoli Ripassati',5.50),(63,'Verdure Grigliate Miste',6.00),(64,'Fagioli all\'Uccelletto',6.50),(65,'Salsiccia e Fagioli',14.00),(66,'Maialino al Forno',19.00),(67,'Cinghiale in Umido',20.50),(68,'Anatra all\'Arancia',21.00),(69,'Agnello al Forno con Patate',18.00),(70,'Trippa alla Romana',14.50),(71,'Coratella con Carciofi',15.00),(72,'Baccal+',16.50),(73,'Alici Fritte',11.00),(74,'Spaghetti alle Vongole Veraci',14.50),(75,'Risotto allo Zafferano',13.50),(76,'Penne all\'Arrabbiata',9.80),(77,'Pasta e Fagioli',10.00),(78,'Straccetti di Manzo con Rucola e Grana',17.00),(79,'Saltimbocca alla Romana',18.50),(80,'Cotoletta di Pollo Panata',13.00),(81,'Petto di Pollo ai Ferri',12.50),(82,'Salsiccia alla Griglia',10.50),(83,'Arrosto di Maiale',16.00),(84,'Coda alla Vaccinara',19.00),(85,'Polenta con Funghi',11.00),(86,'Polenta con Salsiccia',13.00),(87,'Frico con Polenta',14.00),(88,'Pizzoccheri della Valtellina',13.80),(89,'Casunziei all\'Ampezzana',14.20),(90,'Canederli in Brodo',10.00),(91,'Schlutzkrapfen',11.50),(92,'Speck dell\'Alto Adige',8.00),(93,'Bretzel Salato',3.00),(94,'Strudel di Mele',5.50),(95,'Sachertorte',6.00),(96,'Kaiserschmarren',7.00),(97,'Zelten di Natale',4.80),(98,'Goulash con Polenta',15.00),(99,'Cervo in Salm+',21.00),(100,'Camoscio in Salm+',22.00),(101,'Trota al Forno con Erbe',16.00),(102,'Luccio in Salsa',17.00),(103,'Rana Frita',18.00),(104,'Lumache in Umido',19.00),(105,'Zuppa di Ceci',9.50),(106,'Zuppa di Lenticchie',9.00),(107,'Ribollita Toscana',10.50),(108,'Pappa al Pomodoro',9.80),(109,'Panzanella',8.00),(110,'Lampredotto',7.00),(111,'Crostini Neri',6.50),(112,'Peposo dell\'Impruneta',17.00),(113,'Fritto Misto alla Piemontese',20.00),(114,'Bagna C+',15.00),(115,'Agnolotti del Plin',14.00),(116,'Tajarin al Tartufo',25.00),(117,'Vitello Tonnato',12.00),(118,'Risotto alla Milanese',12.50),(119,'Cassoeula',18.00),(120,'Mondeghili (Polpette Milanesi)',9.00),(121,'Panettone (fetta)',4.00),(122,'Mostarda Cremonese',3.50),(123,'Bigoli in Salsa',13.00),(124,'Sarde in Saor',11.00),(125,'Fegato alla Veneziana',16.00),(126,'Baccal+',14.00),(127,'Risi e Bisi',10.00),(128,'Tiramis+',6.50),(129,'Pesche al Forno con Amaretti',5.00),(130,'Amaretti Morbidi',4.00),(131,'Pangiallo Romano',4.50),(132,'Maritozzi con la Panna',3.80),(133,'Grattachecca Romana',3.00),(134,'Carciofi alla Romana',7.00),(135,'Carciofi alla Giudia',8.00),(136,'Fiori di Zucca Ripieni',8.50),(137,'Suppl+',5.50),(138,'Crostata di Visciole',5.20),(139,'Tozzetti e Vin Santo',7.00),(140,'Castagnaccio',5.00),(141,'Schiacciata alla Fiorentina',4.50),(142,'Cacciucco alla Livornese',26.00),(143,'Baccal+',18.00),(144,'Puntarelle alla Romana',6.00),(145,'Cicoria Ripassata',5.80),(146,'Broccoletti di Rapa',5.50),(147,'Zucchine Fritte',5.00),(148,'Peperoni Arrostiti',6.00),(149,'Parmigiana Bianca di Zucchine',10.50),(150,'Gateau di Patate',9.50),(151,'Polpo alla Luciana',16.00),(152,'Alici Marinate',9.00),(153,'Scapece di Zucchine',7.00),(154,'Tiella di Gaeta',11.00),(155,'Casatiello Napoletano',8.00),(156,'Pizza Fritta',7.00),(157,'Cuoppo Napoletano',10.00),(158,'Zuppa di Fagioli con Scarola',9.00),(159,'Pizza Marinara',7.50),(160,'Pizza Ortolana',9.20),(161,'Calzone Fritto',10.00),(162,'Tronchetto di Natale',6.00),(163,'Profiteroles al Cioccolato',6.50),(164,'Millefoglie con Crema Chantilly',7.00),(165,'Torta di Mele',5.00),(166,'Croque Monsieur',8.00),(167,'Croque Madame',8.50),(168,'Club Sandwich',9.50),(169,'Burger Classico con Patatine',12.00),(170,'Cheeseburger',12.50),(171,'Veggie Burger',11.00),(172,'Fish and Chips',14.00),(173,'Wrap di Pollo Caesar',10.00),(174,'Taco di Manzo',9.00),(175,'Quesadilla al Formaggio',8.00),(176,'Nachos con Guacamole',7.50),(177,'Burrito di Fagioli',10.50),(178,'Enchiladas di Pollo',13.00),(179,'Chili con Carne',14.00),(180,'Fajitas di Pollo',17.00),(181,'Sushi Misto (6 pz)',15.00),(182,'Nigiri Salmone',3.00),(183,'Hosomaki Cetriolo',2.50),(184,'Uramaki California',12.00),(185,'Tempura di Gamberi',14.00),(186,'Ramen Classico',16.00),(187,'Pad Thai con Gamberi',15.50),(188,'Curry Verde di Pollo',16.00),(189,'Nasi Goreng',13.00),(190,'Sashimi Salmone',18.00),(191,'Gyoza di Carne',7.00),(192,'Edamame',5.00),(193,'Miso Soup',4.00),(194,'Spring Rolls Vegetariani',6.00),(195,'Chop Suey di Pollo',14.50),(196,'Anatra Pechinese',28.00),(197,'Riso Cantonase',7.00),(198,'Spaghetti di Soia con Verdure',9.00),(199,'Manzo con Bamb+',16.00),(200,'Pollo alle Mandorle',15.00),(201,'Maiale in Agrodolce',14.00),(202,'Wonton in Brodo',8.00),(203,'Dim Sum Misti (4 pz)',9.00),(204,'Crema Catalana',6.00),(205,'Churros con Cioccolata',5.00),(206,'Paella di Carne',18.00),(207,'Paella di Pesce',22.00),(208,'Tapas Miste',15.00),(209,'Patatas Bravas',6.00),(210,'Gazpacho Andaluso',7.00),(211,'Tortilla Spagnola',8.00),(212,'Ceviche di Pesce',17.00),(213,'Empanadas di Carne',7.00),(214,'Moqueca de Peixe',20.00),(215,'Feijoada Completa',19.00),(216,'Brigadeiro',3.00),(217,'Pao de Queijo',4.00),(218,'A+',8.00),(219,'Couscous di Verdure',12.00),(220,'Tagine di Pollo con Limone',17.00),(221,'Hummus con Pane Pita',6.50),(222,'Falafel Wrap',9.00),(223,'Kebab Piatto',10.00),(224,'Baklava',4.00),(225,'Mezze Miste',16.00),(226,'Moussaka Greca',15.00),(227,'Souvlaki di Maiale',13.00),(228,'Tzatziki con Pane',5.00),(229,'Saganaki (Formaggio Fritto)',8.00),(230,'Dolmades',7.00),(231,'Giro Pita',9.00),(232,'Bistecca alla Griglia con Frites',21.00),(233,'Coq au Vin',19.00),(234,'Boeuf Bourguignon',20.00),(235,'Quiche Lorraine',11.00),(236,'Cr+',9.00),(237,'Cr+',7.00),(238,'Escargots de Bourgogne',15.00),(239,'Foie Gras',25.00),(240,'Soupe +',9.00),(241,'Ratatouille',8.00),(242,'Tarte Tatin',6.00);
/*!40000 ALTER TABLE `menu` ENABLE KEYS */;
UNLOCK TABLES;

--
-- Table structure for table `menu_ristorante`
--

DROP TABLE IF EXISTS `menu_ristorante`;
/*!40101 SET @saved_cs_client     = @@character_set_client */;
/*!50503 SET character_set_client = utf8mb4 */;
CREATE TABLE `menu_ristorante` (
  `id_piatto` int NOT NULL,
  `id_ristorante` int NOT NULL,
  PRIMARY KEY (`id_piatto`,`id_ristorante`),
  KEY `id_ristorante` (`id_ristorante`),
  CONSTRAINT `menu_ristorante_ibfk_1` FOREIGN KEY (`id_piatto`) REFERENCES `menu` (`id_piatto`) ON DELETE CASCADE,
  CONSTRAINT `menu_ristorante_ibfk_2` FOREIGN KEY (`id_ristorante`) REFERENCES `ristorante` (`id_ristorante`) ON DELETE CASCADE
) ENGINE=InnoDB DEFAULT CHARSET=utf8mb4 COLLATE=utf8mb4_general_ci;
/*!40101 SET character_set_client = @saved_cs_client */;

--
-- Dumping data for table `menu_ristorante`
--

LOCK TABLES `menu_ristorante` WRITE;
/*!40000 ALTER TABLE `menu_ristorante` DISABLE KEYS */;
INSERT INTO `menu_ristorante` VALUES (1,1),(2,1),(3,1),(4,1),(5,1),(6,1),(7,1),(8,1),(9,1),(10,1),(11,2),(12,2),(13,2),(14,2),(15,2),(16,2),(17,2),(18,2),(19,2),(20,2),(21,3),(22,3),(23,3),(24,3),(25,3),(26,3),(27,3),(28,3),(29,3),(30,3),(31,4),(32,4),(33,4),(34,4),(35,4),(36,4),(37,4),(38,4),(39,4),(40,4),(41,5),(42,5),(43,5),(44,5),(45,5),(46,5),(47,5),(48,5),(49,5),(50,5),(51,6),(52,6),(53,6),(54,6),(55,6),(56,6),(57,6),(58,6),(59,6),(60,6),(61,7),(62,7),(63,7),(64,7),(65,7),(66,7),(67,7),(68,7),(69,7),(70,7),(71,8),(72,8),(73,8),(74,8),(75,8),(76,8),(77,8),(78,8),(79,8),(80,8),(81,9),(82,9),(83,9),(84,9),(85,9),(86,9),(87,9),(88,9),(89,9),(90,9),(91,10),(92,10),(93,10),(94,10),(95,10),(96,10),(97,10),(98,10),(99,10),(100,10),(101,11),(102,11),(103,11),(104,11),(105,11),(106,11),(107,11),(108,11),(109,11),(110,11),(111,12),(112,12),(113,12),(114,12),(115,12),(116,12),(117,12),(118,12),(119,12),(120,12),(121,13),(122,13),(123,13),(124,13),(125,13),(126,13),(127,13),(128,13),(129,13),(130,13),(131,14),(132,14),(133,14),(134,14),(135,14),(136,14),(137,14),(138,14),(139,14),(140,14),(141,15),(142,15),(143,15),(144,15),(145,15),(146,15),(147,15),(148,15),(149,15),(150,15),(151,16),(152,16),(153,16),(154,16),(155,16),(156,16),(157,16),(158,16),(159,16),(160,16),(161,17),(162,17),(163,17),(164,17),(165,17),(166,17),(167,17),(168,17),(169,17),(170,17),(171,18),(172,18),(173,18),(174,18),(175,18),(176,18),(177,18),(178,18),(179,18),(180,18),(181,19),(182,19),(183,19),(184,19),(185,19),(186,19),(187,19),(188,19),(189,19),(190,19),(191,20),(192,20),(193,20),(194,20),(195,20),(196,20),(197,20),(198,20),(199,20),(200,20),(201,21),(202,21),(203,21),(204,21),(205,21),(206,21),(207,21),(208,21),(209,21),(210,21),(211,22),(212,22),(213,22),(214,22),(215,22),(216,22),(217,22),(218,22),(219,22),(220,22),(221,23),(222,23),(223,23),(224,23),(225,23),(226,23),(227,23),(228,23),(229,23),(230,23),(231,24),(232,24),(233,24),(234,24),(235,24),(236,24),(237,24),(238,24),(239,24),(240,24),(1,25),(2,25),(3,25),(4,25),(5,25),(6,25),(7,25),(8,25),(241,25),(242,25),(9,26),(10,26),(11,26),(12,26),(13,26),(14,26),(15,26),(16,26),(17,26),(18,26),(19,27),(20,27),(21,27),(22,27),(23,27),(24,27),(25,27),(26,27),(27,27),(28,27),(29,28),(30,28),(31,28),(32,28),(33,28),(34,28),(35,28),(36,28),(37,28),(38,28),(39,29),(40,29),(41,29),(42,29),(43,29),(44,29),(45,29),(46,29),(47,29),(48,29),(49,30),(50,30),(51,30),(52,30),(53,30),(54,30),(55,30),(56,30),(57,30),(58,30),(59,31),(60,31),(61,31),(62,31),(63,31),(64,31),(65,31),(66,31),(67,31),(68,31),(69,32),(70,32),(71,32),(72,32),(73,32),(74,32),(75,32),(76,32),(77,32),(78,32),(79,33),(80,33),(81,33),(82,33),(83,33),(84,33),(85,33),(86,33),(87,33),(88,33),(89,34),(90,34),(91,34),(92,34),(93,34),(94,34),(95,34),(96,34),(97,34),(98,34),(99,35),(100,35),(101,35),(102,35),(103,35),(104,35),(105,35),(106,35),(107,35),(108,35),(109,36),(110,36),(111,36),(112,36),(113,36),(114,36),(115,36),(116,36),(117,36),(118,36),(119,37),(120,37),(121,37),(122,37),(123,37),(124,37),(125,37),(126,37),(127,37),(128,37),(129,38),(130,38),(131,38),(132,38),(133,38),(134,38),(135,38),(136,38),(137,38),(138,38),(139,39),(140,39),(141,39),(142,39),(143,39),(144,39),(145,39),(146,39),(147,39),(148,39),(149,40),(150,40),(151,40),(152,40),(153,40),(154,40),(155,40),(156,40),(157,40),(158,40),(159,41),(160,41),(161,41),(162,41),(163,41),(164,41),(165,41),(166,41),(167,41),(168,41),(169,42),(170,42),(171,42),(172,42),(173,42),(174,42),(175,42),(176,42),(177,42),(178,42),(179,43),(180,43),(181,43),(182,43),(183,43),(184,43),(185,43),(186,43),(187,43),(188,43),(189,44),(190,44),(191,44),(192,44),(193,44),(194,44),(195,44),(196,44),(197,44),(198,44),(199,45),(200,45),(201,45),(202,45),(203,45),(204,45),(205,45),(206,45),(207,45),(208,45),(209,46),(210,46),(211,46),(212,46),(213,46),(214,46),(215,46),(216,46),(217,46),(218,46),(219,47),(220,47),(221,47),(222,47),(223,47),(224,47),(225,47),(226,47),(227,47),(228,47),(229,48),(230,48),(231,48),(232,48),(233,48),(234,48),(235,48),(236,48),(237,48),(238,48),(1,49),(2,49),(3,49),(4,49),(5,49),(6,49),(239,49),(240,49),(241,49),(242,49),(7,50),(8,50),(9,50),(10,50),(11,50),(12,50),(13,50),(14,50),(15,50),(16,50),(17,51),(18,51),(19,51),(20,51),(21,51),(22,51),(23,51),(24,51),(25,51),(26,51),(27,52),(28,52),(29,52),(30,52),(31,52),(32,52),(33,52),(34,52),(35,52),(36,52),(37,53),(38,53),(39,53),(40,53),(41,53),(42,53),(43,53),(44,53),(45,53),(46,53),(47,54),(48,54),(49,54),(50,54),(51,54),(52,54),(53,54),(54,54),(55,54),(56,54),(57,55),(58,55),(59,55),(60,55),(61,55),(62,55),(63,55),(64,55),(65,55),(66,55),(67,56),(68,56),(69,56),(70,56),(71,56),(72,56),(73,56),(74,56),(75,56),(76,56),(77,57),(78,57),(79,57),(80,57),(81,57),(82,57),(83,57),(84,57),(85,57),(86,57),(87,58),(88,58),(89,58),(90,58),(91,58),(92,58),(93,58),(94,58),(95,58),(96,58),(97,59),(98,59),(99,59),(100,59),(101,59),(102,59),(103,59),(104,59),(105,59),(106,59),(107,60),(108,60),(109,60),(110,60),(111,60),(112,60),(113,60),(114,60),(115,60),(116,60),(117,61),(118,61),(119,61),(120,61),(121,61),(122,61),(123,61),(124,61),(125,61),(126,61),(127,62),(128,62),(129,62),(130,62),(131,62),(132,62),(133,62),(134,62),(135,62),(136,62),(137,63),(138,63),(139,63),(140,63),(141,63),(142,63),(143,63),(144,63),(145,63),(146,63),(147,64),(148,64),(149,64),(150,64),(151,64),(152,64),(153,64),(154,64),(155,64),(156,64),(157,65),(158,65),(159,65),(160,65),(161,65),(162,65),(163,65),(164,65),(165,65),(166,65),(167,66),(168,66),(169,66),(170,66),(171,66),(172,66),(173,66),(174,66),(175,66),(176,66),(177,67),(178,67),(179,67),(180,67),(181,67),(182,67),(183,67),(184,67),(185,67),(186,67),(187,68),(188,68),(189,68),(190,68),(191,68),(192,68),(193,68),(194,68),(195,68),(196,68),(197,69),(198,69),(199,69),(200,69),(201,69),(202,69),(203,69),(204,69),(205,69),(206,69),(207,70),(208,70),(209,70),(210,70),(211,70),(212,70),(213,70),(214,70),(215,70),(216,70),(217,71),(218,71),(219,71),(220,71),(221,71),(222,71),(223,71),(224,71),(225,71),(226,71),(227,72),(228,72),(229,72),(230,72),(231,72),(232,72),(233,72),(234,72),(235,72),(236,72),(1,73),(2,73),(3,73),(4,73),(237,73),(238,73),(239,73),(240,73),(241,73),(242,73),(5,74),(6,74),(7,74),(8,74),(9,74),(10,74),(11,74),(12,74),(13,74),(14,74),(15,75),(16,75),(17,75),(18,75),(19,75),(20,75),(21,75),(22,75),(23,75),(24,75),(25,76),(26,76),(27,76),(28,76),(29,76),(30,76),(31,76),(32,76),(33,76),(34,76),(35,77),(36,77),(37,77),(38,77),(39,77),(40,77),(41,77),(42,77),(43,77),(44,77),(45,78),(46,78),(47,78),(48,78),(49,78),(50,78),(51,78),(52,78),(53,78),(54,78),(55,79),(56,79),(57,79),(58,79),(59,79),(60,79),(61,79),(62,79),(63,79),(64,79),(65,80),(66,80),(67,80),(68,80),(69,80),(70,80),(71,80),(72,80),(73,80),(74,80),(75,81),(76,81),(77,81),(78,81),(79,81),(80,81),(81,81),(82,81),(83,81),(84,81),(85,82),(86,82),(87,82),(88,82),(89,82),(90,82),(91,82),(92,82),(93,82),(94,82),(95,83),(96,83),(97,83),(98,83),(99,83),(100,83),(101,83),(102,83),(103,83),(104,83),(105,84),(106,84),(107,84),(108,84),(109,84),(110,84),(111,84),(112,84),(113,84),(114,84),(115,85),(116,85),(117,85),(118,85),(119,85),(120,85),(121,85),(122,85),(123,85),(124,85),(125,86),(126,86),(127,86),(128,86),(129,86),(130,86),(131,86),(132,86),(133,86),(134,86),(135,87),(136,87),(137,87),(138,87),(139,87),(140,87),(141,87),(142,87),(143,87),(144,87),(145,88),(146,88),(147,88),(148,88),(149,88),(150,88),(151,88),(152,88),(153,88),(154,88),(155,89),(156,89),(157,89),(158,89),(159,89),(160,89),(161,89),(162,89),(163,89),(164,89),(165,90),(166,90),(167,90),(168,90),(169,90),(170,90),(171,90),(172,90),(173,90),(174,90),(175,91),(176,91),(177,91),(178,91),(179,91),(180,91),(181,91),(182,91),(183,91),(184,91),(185,92),(186,92),(187,92),(188,92),(189,92),(190,92),(191,92),(192,92),(193,92),(194,92),(195,93),(196,93),(197,93),(198,93),(199,93),(200,93),(201,93),(202,93),(203,93),(204,93),(205,94),(206,94),(207,94),(208,94),(209,94),(210,94),(211,94),(212,94),(213,94),(214,94),(215,95),(216,95),(217,95),(218,95),(219,95),(220,95),(221,95),(222,95),(223,95),(224,95),(225,96),(226,96),(227,96),(228,96),(229,96),(230,96),(231,96),(232,96),(233,96),(234,96),(1,97),(2,97),(235,97),(236,97),(237,97),(238,97),(239,97),(240,97),(241,97),(242,97),(3,98),(4,98),(5,98),(6,98),(7,98),(8,98),(9,98),(10,98),(11,98),(12,98),(13,99),(14,99),(15,99),(16,99),(17,99),(18,99),(19,99),(20,99),(21,99),(22,99),(23,100),(24,100),(25,100),(26,100),(27,100),(28,100),(29,100),(30,100),(31,100),(32,100),(33,101),(34,101),(35,101),(36,101),(37,101),(38,101),(39,101),(40,101),(41,101),(42,101),(43,102),(44,102),(45,102),(46,102),(47,102),(48,102),(49,102),(50,102),(51,102),(52,102),(53,103),(54,103),(55,103),(56,103),(57,103),(58,103),(59,103),(60,103),(61,103),(62,103),(63,104),(64,104),(65,104),(66,104),(67,104),(68,104),(69,104),(70,104),(71,104),(72,104),(73,105),(74,105),(75,105),(76,105),(77,105),(78,105),(79,105),(80,105),(81,105),(82,105),(83,106),(84,106),(85,106),(86,106),(87,106),(88,106),(89,106),(90,106),(91,106),(92,106),(93,107),(94,107),(95,107),(96,107),(97,107),(98,107),(99,107),(100,107),(101,107),(102,107),(103,108),(104,108),(105,108),(106,108),(107,108),(108,108),(109,108),(110,108),(111,108),(112,108),(113,109),(114,109),(115,109),(116,109),(117,109),(118,109),(119,109),(120,109),(121,109),(122,109),(123,110),(124,110),(125,110),(126,110),(127,110),(128,110),(129,110),(130,110),(131,110),(132,110),(133,111),(134,111),(135,111),(136,111),(137,111),(138,111),(139,111),(140,111),(141,111),(142,111),(143,112),(144,112),(145,112),(146,112),(147,112),(148,112),(149,112),(150,112),(151,112),(152,112),(153,113),(154,113),(155,113),(156,113),(157,113),(158,113),(159,113),(160,113),(161,113),(162,113),(163,114),(164,114),(165,114),(166,114),(167,114),(168,114),(169,114),(170,114),(171,114),(172,114),(173,115),(174,115),(175,115),(176,115),(177,115),(178,115),(179,115),(180,115),(181,115),(182,115),(183,116),(184,116),(185,116),(186,116),(187,116),(188,116),(189,116),(190,116),(191,116),(192,116),(193,117),(194,117),(195,117),(196,117),(197,117),(198,117),(199,117),(200,117),(201,117),(202,117),(203,118),(204,118),(205,118),(206,118),(207,118),(208,118),(209,118),(210,118),(211,118),(212,118),(213,119),(214,119),(215,119),(216,119),(217,119),(218,119),(219,119),(220,119),(221,119),(222,119),(223,120),(224,120),(225,120),(226,120),(227,120),(228,120),(229,120),(230,120),(231,120),(232,120),(233,121),(234,121),(235,121),(236,121),(237,121),(238,121),(239,121),(240,121),(241,121),(242,121),(1,122),(2,122),(3,122),(4,122),(5,122),(6,122),(7,122),(8,122),(9,122),(10,122),(11,123),(12,123),(13,123),(14,123),(15,123),(16,123),(17,123),(18,123),(19,123),(20,123),(21,124),(22,124),(23,124),(24,124),(25,124),(26,124),(27,124),(28,124),(29,124),(30,124),(31,125),(32,125),(33,125),(34,125),(35,125),(36,125),(37,125),(38,125),(39,125),(40,125),(41,126),(42,126),(43,126),(44,126),(45,126),(46,126),(47,126),(48,126),(49,126),(50,126),(51,127),(52,127),(53,127),(54,127),(55,127),(56,127),(57,127),(58,127),(59,127),(60,127),(61,128),(62,128),(63,128),(64,128),(65,128),(66,128),(67,128),(68,128),(69,128),(70,128),(71,129),(72,129),(73,129),(74,129),(75,129),(76,129),(77,129),(78,129),(79,129),(80,129),(81,130),(82,130),(83,130),(84,130),(85,130),(86,130),(87,130),(88,130),(89,130),(90,130),(91,131),(92,131),(93,131),(94,131),(95,131),(96,131),(97,131),(98,131),(99,131),(100,131),(101,132),(102,132),(103,132),(104,132),(105,132),(106,132),(107,132),(108,132),(109,132),(110,132),(111,133),(112,133),(113,133),(114,133),(115,133),(116,133),(117,133),(118,133),(119,133),(120,133),(121,134),(122,134),(123,134),(124,134),(125,134),(126,134),(127,134),(128,134),(129,134),(130,134),(131,135),(132,135),(133,135),(134,135),(135,135),(136,135),(137,135),(138,135),(139,135),(140,135),(141,136),(142,136),(143,136),(144,136),(145,136),(146,136),(147,136),(148,136),(149,136),(150,136),(151,137),(152,137),(153,137),(154,137),(155,137),(156,137),(157,137),(158,137),(159,137),(160,137),(161,138),(162,138),(163,138),(164,138),(165,138),(166,138),(167,138),(168,138),(169,138),(170,138),(171,139),(172,139),(173,139),(174,139),(175,139),(176,139),(177,139),(178,139),(179,139),(180,139),(181,140),(182,140),(183,140),(184,140),(185,140),(186,140),(187,140),(188,140),(189,140),(190,140),(191,141),(192,141),(193,141),(194,141),(195,141),(196,141),(197,141),(198,141),(199,141),(200,141),(201,142),(202,142),(203,142),(204,142),(205,142),(206,142),(207,142),(208,142),(209,142),(210,142),(211,143),(212,143),(213,143),(214,143),(215,143),(216,143),(217,143),(218,143),(219,143),(220,143),(221,144),(222,144),(223,144),(224,144),(225,144),(226,144),(227,144),(228,144),(229,144),(230,144),(231,145),(232,145),(233,145),(234,145),(235,145),(236,145),(237,145),(238,145),(239,145),(240,145),(1,146),(2,146),(3,146),(4,146),(5,146),(6,146),(7,146),(8,146),(241,146),(242,146),(9,147),(10,147),(11,147),(12,147),(13,147),(14,147),(15,147),(16,147),(17,147),(18,147),(19,148),(20,148),(21,148),(22,148),(23,148),(24,148),(25,148),(26,148),(27,148),(28,148),(29,149),(30,149),(31,149),(32,149),(33,149),(34,149),(35,149),(36,149),(37,149),(38,149),(39,150),(40,150),(41,150),(42,150),(43,150),(44,150),(45,150),(46,150),(47,150),(48,150),(49,151),(50,151),(51,151),(52,151),(53,151),(54,151),(55,151),(56,151),(57,151),(58,151),(59,152),(60,152),(61,152),(62,152),(63,152),(64,152),(65,152),(66,152),(67,152),(68,152),(69,153),(70,153),(71,153),(72,153),(73,153),(74,153),(75,153),(76,153),(77,153),(78,153),(79,154),(80,154),(81,154),(82,154),(83,154),(84,154),(85,154),(86,154),(87,154),(88,154),(89,155),(90,155),(91,155),(92,155),(93,155),(94,155),(95,155),(96,155),(97,155),(98,155),(99,156),(100,156),(101,156),(102,156),(103,156),(104,156),(105,156),(106,156),(107,156),(108,156),(109,157),(110,157),(111,157),(112,157),(113,157),(114,157),(115,157),(116,157),(117,157),(118,157),(119,158),(120,158),(121,158),(122,158),(123,158),(124,158),(125,158),(126,158),(127,158),(128,158),(129,159),(130,159),(131,159),(132,159),(133,159),(134,159),(135,159),(136,159),(137,159),(138,159),(139,160),(140,160),(141,160),(142,160),(143,160),(144,160),(145,160),(146,160),(147,160),(148,160),(149,161),(150,161),(151,161),(152,161),(153,161),(154,161),(155,161),(156,161),(157,161),(158,161),(159,162),(160,162),(161,162),(162,162),(163,162),(164,162),(165,162),(166,162),(167,162),(168,162),(169,163),(170,163),(171,163),(172,163),(173,163),(174,163),(175,163),(176,163),(177,163),(178,163),(179,164),(180,164),(181,164),(182,164),(183,164),(184,164),(185,164),(186,164),(187,164),(188,164),(189,165),(190,165),(191,165),(192,165),(193,165),(194,165),(195,165),(196,165),(197,165),(198,165),(199,166),(200,166),(201,166),(202,166),(203,166),(204,166),(205,166),(206,166),(207,166),(208,166),(209,167),(210,167),(211,167),(212,167),(213,167),(214,167),(215,167),(216,167),(217,167),(218,167),(219,168),(220,168),(221,168),(222,168),(223,168),(224,168),(225,168),(226,168),(227,168),(228,168),(229,169),(230,169),(231,169),(232,169),(233,169),(234,169),(235,169),(236,169),(237,169),(238,169),(1,170),(2,170),(3,170),(4,170),(5,170),(6,170),(239,170),(240,170),(241,170),(242,170),(7,171),(8,171),(9,171),(10,171),(11,171),(12,171),(13,171),(14,171),(15,171),(16,171),(17,172),(18,172),(19,172),(20,172),(21,172),(22,172),(23,172),(24,172),(25,172),(26,172),(27,173),(28,173),(29,173),(30,173),(31,173),(32,173),(33,173),(34,173),(35,173),(36,173),(37,174),(38,174),(39,174),(40,174),(41,174),(42,174),(43,174),(44,174),(45,174),(46,174),(47,175),(48,175),(49,175),(50,175),(51,175),(52,175),(53,175),(54,175),(55,175),(56,175),(57,176),(58,176),(59,176),(60,176),(61,176),(62,176),(63,176),(64,176),(65,176),(66,176),(67,177),(68,177),(69,177),(70,177),(71,177),(72,177),(73,177),(74,177),(75,177),(76,177),(77,178),(78,178),(79,178),(80,178),(81,178),(82,178),(83,178),(84,178),(85,178),(86,178),(87,179),(88,179),(89,179),(90,179),(91,179),(92,179),(93,179),(94,179),(95,179),(96,179),(97,180),(98,180),(99,180),(100,180),(101,180),(102,180),(103,180),(104,180),(105,180),(106,180),(107,181),(108,181),(109,181),(110,181),(111,181),(112,181),(113,181),(114,181),(115,181),(116,181),(117,182),(118,182),(119,182),(120,182),(121,182),(122,182),(123,182),(124,182),(125,182),(126,182),(127,183),(128,183),(129,183),(130,183),(131,183),(132,183),(133,183),(134,183),(135,183),(136,183),(137,184),(138,184),(139,184),(140,184),(141,184),(142,184),(143,184),(144,184),(145,184),(146,184),(147,185),(148,185),(149,185),(150,185),(151,185),(152,185),(153,185),(154,185),(155,185),(156,185),(157,186),(158,186),(159,186),(160,186),(161,186),(162,186),(163,186),(164,186),(165,186),(166,186),(167,187),(168,187),(169,187),(170,187),(171,187),(172,187),(173,187),(174,187),(175,187),(176,187),(177,188),(178,188),(179,188),(180,188),(181,188),(182,188),(183,188),(184,188),(185,188),(186,188),(187,189),(188,189),(189,189),(190,189),(191,189),(192,189),(193,189),(194,189),(195,189),(196,189),(197,190),(198,190),(199,190),(200,190),(201,190),(202,190),(203,190),(204,190),(205,190),(206,190),(207,191),(208,191),(209,191),(210,191),(211,191),(212,191),(213,191),(214,191),(215,191),(216,191),(217,192),(218,192),(219,192),(220,192),(221,192),(222,192),(223,192),(224,192),(225,192),(226,192),(227,193),(228,193),(229,193),(230,193),(231,193),(232,193),(233,193),(234,193),(235,193),(236,193),(1,194),(2,194),(3,194),(4,194),(237,194),(238,194),(239,194),(240,194),(241,194),(242,194),(5,195),(6,195),(7,195),(8,195),(9,195),(10,195),(11,195),(12,195),(13,195),(14,195),(15,196),(16,196),(17,196),(18,196),(19,196),(20,196),(21,196),(22,196),(23,196),(24,196),(25,197),(26,197),(27,197),(28,197),(29,197),(30,197),(31,197),(32,197),(33,197),(34,197),(35,198),(36,198),(37,198),(38,198),(39,198),(40,198),(41,198),(42,198),(43,198),(44,198),(45,199),(46,199),(47,199),(48,199),(49,199),(50,199),(51,199),(52,199),(53,199),(54,199),(55,200),(56,200),(57,200),(58,200),(59,200),(60,200),(61,200),(62,200),(63,200),(64,200),(65,201),(66,201),(67,201),(68,201),(69,201),(70,201),(71,201),(72,201),(73,201),(74,201),(75,202),(76,202),(77,202),(78,202),(79,202),(80,202),(81,202),(82,202),(83,202),(84,202),(85,203),(86,203),(87,203),(88,203),(89,203),(90,203),(91,203),(92,203),(93,203),(94,203),(95,204),(96,204),(97,204),(98,204),(99,204),(100,204),(101,204),(102,204),(103,204),(104,204),(105,205),(106,205),(107,205),(108,205),(109,205),(110,205),(111,205),(112,205),(113,205),(114,205),(115,206),(116,206),(117,206),(118,206),(119,206),(120,206),(121,206),(122,206),(123,206),(124,206),(125,207),(126,207),(127,207),(128,207),(129,207),(130,207),(131,207),(132,207),(133,207),(134,207),(135,208),(136,208),(137,208),(138,208),(139,208),(140,208),(141,208),(142,208),(143,208),(144,208),(145,209),(146,209),(147,209),(148,209),(149,209),(150,209),(151,209),(152,209),(153,209),(154,209),(155,210),(156,210),(157,210),(158,210),(159,210),(160,210),(161,210),(162,210),(163,210),(164,210),(165,211),(166,211),(167,211),(168,211),(169,211),(170,211),(171,211),(172,211),(173,211),(174,211),(175,212),(176,212),(177,212),(178,212),(179,212),(180,212),(181,212),(182,212),(183,212),(184,212),(185,213),(186,213),(187,213),(188,213),(189,213),(190,213),(191,213),(192,213),(193,213),(194,213),(195,214),(196,214),(197,214),(198,214),(199,214),(200,214),(201,214),(202,214),(203,214),(204,214),(205,215),(206,215),(207,215),(208,215),(209,215),(210,215),(211,215),(212,215),(213,215),(214,215),(215,216),(216,216),(217,216),(218,216),(219,216),(220,216),(221,216),(222,216),(223,216),(224,216),(225,217),(226,217),(227,217),(228,217),(229,217),(230,217),(231,217),(232,217),(233,217),(234,217),(1,218),(2,218),(235,218),(236,218),(237,218),(238,218),(239,218),(240,218),(241,218),(242,218),(3,219),(4,219),(5,219),(6,219),(7,219),(8,219),(9,219),(10,219),(11,219),(12,219),(13,220),(14,220),(15,220),(16,220),(17,220),(18,220),(19,220),(20,220),(21,220),(22,220),(23,221),(24,221),(25,221),(26,221),(27,221),(28,221),(29,221),(30,221),(31,221),(32,221),(33,222),(34,222),(35,222),(36,222),(37,222),(38,222),(39,222),(40,222),(41,222),(42,222),(43,223),(44,223),(45,223),(46,223),(47,223),(48,223),(49,223),(50,223),(51,223),(52,223),(53,224),(54,224),(55,224),(56,224),(57,224),(58,224),(59,224),(60,224),(61,224),(62,224),(63,225),(64,225),(65,225),(66,225),(67,225),(68,225),(69,225),(70,225),(71,225),(72,225),(73,226),(74,226),(75,226),(76,226),(77,226),(78,226),(79,226),(80,226),(81,226),(82,226),(83,227),(84,227),(85,227),(86,227),(87,227),(88,227),(89,227),(90,227),(91,227),(92,227),(93,228),(94,228),(95,228),(96,228),(97,228),(98,228),(99,228),(100,228),(101,228),(102,228),(103,229),(104,229),(105,229),(106,229),(107,229),(108,229),(109,229),(110,229),(111,229),(112,229),(113,230),(114,230),(115,230),(116,230),(117,230),(118,230),(119,230),(120,230),(121,230),(122,230),(123,231),(124,231),(125,231),(126,231),(127,231),(128,231),(129,231),(130,231),(131,231),(132,231),(133,232),(134,232),(135,232),(136,232),(137,232),(138,232),(139,232),(140,232),(141,232),(142,232),(143,233),(144,233),(145,233),(146,233),(147,233),(148,233),(149,233),(150,233),(151,233),(152,233),(153,234),(154,234),(155,234),(156,234),(157,234),(158,234),(159,234),(160,234),(161,234),(162,234),(163,235),(164,235),(165,235),(166,235),(167,235),(168,235),(169,235),(170,235),(171,235),(172,235),(173,236),(174,236),(175,236),(176,236),(177,236),(178,236),(179,236),(180,236),(181,236),(182,236),(183,237),(184,237),(185,237),(186,237),(187,237),(188,237),(189,237),(190,237),(191,237),(192,237),(193,238),(194,238),(195,238),(196,238),(197,238),(198,238),(199,238),(200,238),(201,238),(202,238),(203,239),(204,239),(205,239),(206,239),(207,239),(208,239),(209,239),(210,239),(211,239),(212,239),(213,240),(214,240),(215,240),(216,240),(217,240),(218,240),(219,240),(220,240),(221,240),(222,240),(223,241),(224,241),(225,241),(226,241),(227,241),(228,241),(229,241),(230,241),(231,241),(232,241),(233,242),(234,242),(235,242),(236,242),(237,242),(238,242),(239,242),(240,242),(241,242),(242,242),(1,243),(2,243),(3,243),(4,243),(5,243),(6,243),(7,243),(8,243),(9,243),(10,243),(11,244),(12,244),(13,244),(14,244),(15,244),(16,244),(17,244),(18,244),(19,244),(20,244),(21,245),(22,245),(23,245),(24,245),(25,245),(26,245),(27,245),(28,245),(29,245),(30,245),(31,246),(32,246),(33,246),(34,246),(35,246),(36,246),(37,246),(38,246),(39,246),(40,246),(41,247),(42,247),(43,247),(44,247),(45,247),(46,247),(47,247),(48,247),(49,247),(50,247),(51,248),(52,248),(53,248),(54,248),(55,248),(56,248),(57,248),(58,248),(59,248),(60,248),(61,249),(62,249),(63,249),(64,249),(65,249),(66,249),(67,249),(68,249),(69,249),(70,249),(71,250),(72,250),(73,250),(74,250),(75,250),(76,250),(77,250),(78,250),(79,250),(80,250),(81,251),(82,251),(83,251),(84,251),(85,251),(86,251),(87,251),(88,251),(89,251),(90,251),(91,252),(92,252),(93,252),(94,252),(95,252),(96,252),(97,252),(98,252),(99,252),(100,252),(101,253),(102,253),(103,253),(104,253),(105,253),(106,253),(107,253),(108,253),(109,253),(110,253),(111,254),(112,254),(113,254),(114,254),(115,254),(116,254),(117,254),(118,254),(119,254),(120,254),(121,255),(122,255),(123,255),(124,255),(125,255),(126,255),(127,255),(128,255),(129,255),(130,255),(131,256),(132,256),(133,256),(134,256),(135,256),(136,256),(137,256),(138,256),(139,256),(140,256),(141,257),(142,257),(143,257),(144,257),(145,257),(146,257),(147,257),(148,257),(149,257),(150,257),(151,258),(152,258),(153,258),(154,258),(155,258),(156,258),(157,258),(158,258),(159,258),(160,258),(161,259),(162,259),(163,259),(164,259),(165,259),(166,259),(167,259),(168,259),(169,259),(170,259),(171,260),(172,260),(173,260),(174,260),(175,260),(176,260),(177,260),(178,260),(179,260),(180,260),(181,261),(182,261),(183,261),(184,261),(185,261),(186,261),(187,261),(188,261),(189,261),(190,261),(191,262),(192,262),(193,262),(194,262),(195,262),(196,262),(197,262),(198,262),(199,262),(200,262),(201,263),(202,263),(203,263),(204,263),(205,263),(206,263),(207,263),(208,263),(209,263),(210,263),(211,264),(212,264),(213,264),(214,264),(215,264),(216,264),(217,264),(218,264),(219,264),(220,264),(221,265),(222,265),(223,265),(224,265),(225,265),(226,265),(227,265),(228,265),(229,265),(230,265),(231,266),(232,266),(233,266),(234,266),(235,266),(236,266),(237,266),(238,266),(239,266),(240,266),(1,267),(2,267),(3,267),(4,267),(5,267),(6,267),(7,267),(8,267),(241,267),(242,267),(9,268),(10,268),(11,268),(12,268),(13,268),(14,268),(15,268),(16,268),(17,268),(18,268),(19,269),(20,269),(21,269),(22,269),(23,269),(24,269),(25,269),(26,269),(27,269),(28,269),(29,270),(30,270),(31,270),(32,270),(33,270),(34,270),(35,270),(36,270),(37,270),(38,270),(39,271),(40,271),(41,271),(42,271),(43,271),(44,271),(45,271),(46,271),(47,271),(48,271),(49,272),(50,272),(51,272),(52,272),(53,272),(54,272),(55,272),(56,272),(57,272),(58,272),(59,273),(60,273),(61,273),(62,273),(63,273),(64,273),(65,273),(66,273),(67,273),(68,273),(69,274),(70,274),(71,274),(72,274),(73,274),(74,274),(75,274),(76,274),(77,274),(78,274),(79,275),(80,275),(81,275),(82,275),(83,275),(84,275),(85,275),(86,275),(87,275),(88,275),(89,276),(90,276),(91,276),(92,276),(93,276),(94,276),(95,276),(96,276),(97,276),(98,276),(99,277),(100,277),(101,277),(102,277),(103,277),(104,277),(105,277),(106,277),(107,277),(108,277),(109,278),(110,278),(111,278),(112,278),(113,278),(114,278),(115,278),(116,278),(117,278),(118,278),(119,279),(120,279),(121,279),(122,279),(123,279),(124,279),(125,279),(126,279),(127,279),(128,279),(129,280),(130,280),(131,280),(132,280),(133,280),(134,280),(135,280),(136,280),(137,280),(138,280),(139,281),(140,281),(141,281),(142,281),(143,281),(144,281),(145,281),(146,281),(147,281),(148,281),(149,282),(150,282),(151,282),(152,282),(153,282),(154,282),(155,282),(156,282),(157,282),(158,282),(159,283),(160,283),(161,283),(162,283),(163,283),(164,283),(165,283),(166,283),(167,283),(168,283),(169,284),(170,284),(171,284),(172,284),(173,284),(174,284),(175,284),(176,284),(177,284),(178,284),(179,285),(180,285),(181,285),(182,285),(183,285),(184,285),(185,285),(186,285),(187,285),(188,285),(189,286),(190,286),(191,286),(192,286),(193,286),(194,286),(195,286),(196,286),(197,286),(198,286),(199,287),(200,287),(201,287),(202,287),(203,287),(204,287),(205,287),(206,287),(207,287),(208,287),(209,288),(210,288),(211,288),(212,288),(213,288),(214,288),(215,288),(216,288),(217,288),(218,288),(219,289),(220,289),(221,289),(222,289),(223,289),(224,289),(225,289),(226,289),(227,289),(228,289),(229,290),(230,290),(231,290),(232,290),(233,290),(234,290),(235,290),(236,290),(237,290),(238,290),(1,291),(2,291),(3,291),(4,291),(5,291),(6,291),(239,291),(240,291),(241,291),(242,291),(7,292),(8,292),(9,292),(10,292),(11,292),(12,292),(13,292),(14,292),(15,292),(16,292),(17,293),(18,293),(19,293),(20,293),(21,293),(22,293),(23,293),(24,293),(25,293),(26,293),(27,294),(28,294),(29,294),(30,294),(31,294),(32,294),(33,294),(34,294),(35,294),(36,294),(37,295),(38,295),(39,295),(40,295),(41,295),(42,295),(43,295),(44,295),(45,295),(46,295),(47,296),(48,296),(49,296),(50,296),(51,296),(52,296),(53,296),(54,296),(55,296),(56,296),(57,297),(58,297),(59,297),(60,297),(61,297),(62,297),(63,297),(64,297),(65,297),(66,297),(67,298),(68,298),(69,298),(70,298),(71,298),(72,298),(73,298),(74,298),(75,298),(76,298),(77,299),(78,299),(79,299),(80,299),(81,299),(82,299),(83,299),(84,299),(85,299),(86,299),(87,300),(88,300),(89,300),(90,300),(91,300),(92,300),(93,300),(94,300),(95,300),(96,300),(97,301),(98,301),(99,301),(100,301),(101,301),(102,301),(103,301),(104,301),(105,301),(106,301),(107,302),(108,302),(109,302),(110,302),(111,302),(112,302),(113,302),(114,302),(115,302),(116,302),(117,303),(118,303),(119,303),(120,303),(121,303),(122,303),(123,303),(124,303),(125,303),(126,303),(127,304),(128,304),(129,304),(130,304),(131,304),(132,304),(133,304),(134,304),(135,304),(136,304),(137,305),(138,305),(139,305),(140,305),(141,305),(142,305),(143,305),(144,305),(145,305),(146,305),(147,306),(148,306),(149,306),(150,306),(151,306),(152,306),(153,306),(154,306),(155,306),(156,306),(157,307),(158,307),(159,307),(160,307),(161,307),(162,307),(163,307),(164,307),(165,307),(166,307),(167,308),(168,308),(169,308),(170,308),(171,308),(172,308),(173,308),(174,308),(175,308),(176,308),(177,309),(178,309),(179,309),(180,309),(181,309),(182,309),(183,309),(184,309),(185,309),(186,309),(187,310),(188,310),(189,310),(190,310),(191,310),(192,310),(193,310),(194,310),(195,310),(196,310),(197,311),(198,311),(199,311),(200,311),(201,311),(202,311),(203,311),(204,311),(205,311),(206,311),(207,312),(208,312),(209,312),(210,312),(211,312),(212,312),(213,312),(214,312),(215,312),(216,312),(217,313),(218,313),(219,313),(220,313),(221,313),(222,313),(223,313),(224,313),(225,313),(226,313),(227,314),(228,314),(229,314),(230,314),(231,314),(232,314),(233,314),(234,314),(235,314),(236,314),(1,315),(2,315),(3,315),(4,315),(237,315),(238,315),(239,315),(240,315),(241,315),(242,315),(5,316),(6,316),(7,316),(8,316),(9,316),(10,316),(11,316),(12,316),(13,316),(14,316),(15,317),(16,317),(17,317),(18,317),(19,317),(20,317),(21,317),(22,317),(23,317),(24,317),(25,318),(26,318),(27,318),(28,318),(29,318),(30,318),(31,318),(32,318),(33,318),(34,318),(35,319),(36,319),(37,319),(38,319),(39,319),(40,319),(41,319),(42,319),(43,319),(44,319),(45,320),(46,320),(47,320),(48,320),(49,320),(50,320),(51,320),(52,320),(53,320),(54,320),(55,321),(56,321),(57,321),(58,321),(59,321),(60,321),(61,321),(62,321),(63,321),(64,321),(65,322),(66,322),(67,322),(68,322),(69,322),(70,322),(71,322),(72,322),(73,322),(74,322),(75,323),(76,323),(77,323),(78,323),(79,323),(80,323),(81,323),(82,323),(83,323),(84,323),(85,324),(86,324),(87,324),(88,324),(89,324),(90,324),(91,324),(92,324),(93,324),(94,324),(95,325),(96,325),(97,325),(98,325),(99,325),(100,325),(101,325),(102,325),(103,325),(104,325),(105,326),(106,326),(107,326),(108,326),(109,326),(110,326),(111,326),(112,326),(113,326),(114,326),(115,327),(116,327),(117,327),(118,327),(119,327),(120,327),(121,327),(122,327),(123,327),(124,327),(125,328),(126,328),(127,328),(128,328),(129,328),(130,328),(131,328),(132,328),(133,328),(134,328),(135,329),(136,329),(137,329),(138,329),(139,329),(140,329),(141,329),(142,329),(143,329),(144,329),(145,330),(146,330),(147,330),(148,330),(149,330),(150,330),(151,330),(152,330),(153,330),(154,330),(155,331),(156,331),(157,331),(158,331),(159,331),(160,331),(161,331),(162,331),(163,331),(164,331),(165,332),(166,332),(167,332),(168,332),(169,332),(170,332),(171,332),(172,332),(173,332),(174,332),(175,333),(176,333),(177,333),(178,333),(179,333),(180,333),(181,333),(182,333),(183,333),(184,333),(185,334),(186,334),(187,334),(188,334),(189,334),(190,334),(191,334),(192,334),(193,334),(194,334),(195,335),(196,335),(197,335),(198,335),(199,335),(200,335),(201,335),(202,335),(203,335),(204,335),(205,336),(206,336),(207,336),(208,336),(209,336),(210,336),(211,336),(212,336),(213,336),(214,336),(215,337),(216,337),(217,337),(218,337),(219,337),(220,337),(221,337),(222,337),(223,337),(224,337),(225,338),(226,338),(227,338),(228,338),(229,338),(230,338),(231,338),(232,338),(233,338),(234,338),(1,339),(2,339),(235,339),(236,339),(237,339),(238,339),(239,339),(240,339),(241,339),(242,339),(3,340),(4,340),(5,340),(6,340),(7,340),(8,340),(9,340),(10,340),(11,340),(12,340),(13,341),(14,341),(15,341),(16,341),(17,341),(18,341),(19,341),(20,341),(21,341),(22,341),(23,342),(24,342),(25,342),(26,342),(27,342),(28,342),(29,342),(30,342),(31,342),(32,342),(33,343),(34,343),(35,343),(36,343),(37,343),(38,343),(39,343),(40,343),(41,343),(42,343),(43,344),(44,344),(45,344),(46,344),(47,344),(48,344),(49,344),(50,344),(51,344),(52,344),(53,345),(54,345),(55,345),(56,345),(57,345),(58,345),(59,345),(60,345),(61,345),(62,345),(63,346),(64,346),(65,346),(66,346),(67,346),(68,346),(69,346),(70,346),(71,346),(72,346),(73,347),(74,347),(75,347),(76,347),(77,347),(78,347),(79,347),(80,347),(81,347),(82,347),(83,348),(84,348),(85,348),(86,348),(87,348),(88,348),(89,348),(90,348),(91,348),(92,348),(93,349),(94,349),(95,349),(96,349),(97,349),(98,349),(99,349),(100,349),(101,349),(102,349),(103,350),(104,350),(105,350),(106,350),(107,350),(108,350),(109,350),(110,350),(111,350),(112,350),(113,351),(114,351),(115,351),(116,351),(117,351),(118,351),(119,351),(120,351),(121,351),(122,351),(123,352),(124,352),(125,352),(126,352),(127,352),(128,352),(129,352),(130,352),(131,352),(132,352),(133,353),(134,353),(135,353),(136,353),(137,353),(138,353),(139,353),(140,353),(141,353),(142,353),(143,354),(144,354),(145,354),(146,354),(147,354),(148,354),(149,354),(150,354),(151,354),(152,354),(153,355),(154,355),(155,355),(156,355),(157,355),(158,355),(159,355),(160,355),(161,355),(162,355),(163,356),(164,356),(165,356),(166,356),(167,356),(168,356),(169,356),(170,356),(171,356),(172,356),(173,357),(174,357),(175,357),(176,357),(177,357),(178,357),(179,357),(180,357),(181,357),(182,357),(183,358),(184,358),(185,358),(186,358),(187,358),(188,358),(189,358),(190,358),(191,358),(192,358),(193,359),(194,359),(195,359),(196,359),(197,359),(198,359),(199,359),(200,359),(201,359),(202,359),(203,360),(204,360),(205,360),(206,360),(207,360),(208,360),(209,360),(210,360),(211,360),(212,360),(213,361),(214,361),(215,361),(216,361),(217,361),(218,361),(219,361),(220,361),(221,361),(222,361),(223,362),(224,362),(225,362),(226,362),(227,362),(228,362),(229,362),(230,362),(231,362),(232,362),(233,363),(234,363),(235,363),(236,363),(237,363),(238,363),(239,363),(240,363),(241,363),(242,363),(1,364),(2,364),(3,364),(4,364),(5,364),(6,364),(7,364),(8,364),(9,364),(10,364),(11,365),(12,365),(13,365),(14,365),(15,365),(16,365),(17,365),(18,365),(19,365),(20,365),(21,366),(22,366),(23,366),(24,366),(25,366),(26,366),(27,366),(28,366),(29,366),(30,366),(31,367),(32,367),(33,367),(34,367),(35,367),(36,367),(37,367),(38,367),(39,367),(40,367),(41,368),(42,368),(43,368),(44,368),(45,368),(46,368),(47,368),(48,368),(49,368),(50,368),(51,369),(52,369),(53,369),(54,369),(55,369),(56,369),(57,369),(58,369),(59,369),(60,369),(61,370),(62,370),(63,370),(64,370),(65,370),(66,370),(67,370),(68,370),(69,370),(70,370),(71,371),(72,371),(73,371),(74,371),(75,371),(76,371),(77,371),(78,371),(79,371),(80,371),(81,372),(82,372),(83,372),(84,372),(85,372),(86,372),(87,372),(88,372),(89,372),(90,372),(91,373),(92,373),(93,373),(94,373),(95,373),(96,373),(97,373),(98,373),(99,373),(100,373),(101,374),(102,374),(103,374),(104,374),(105,374),(106,374),(107,374),(108,374),(109,374),(110,374),(111,375),(112,375),(113,375),(114,375),(115,375),(116,375),(117,375),(118,375),(119,375),(120,375),(121,376),(122,376),(123,376),(124,376),(125,376),(126,376),(127,376),(128,376),(129,376),(130,376),(131,377),(132,377),(133,377),(134,377),(135,377),(136,377),(137,377),(138,377),(139,377),(140,377),(141,378),(142,378),(143,378),(144,378),(145,378),(146,378),(147,378),(148,378),(149,378),(150,378),(151,379),(152,379),(153,379),(154,379),(155,379),(156,379),(157,379),(158,379),(159,379),(160,379),(161,380),(162,380),(163,380),(164,380),(165,380),(166,380),(167,380),(168,380),(169,380),(170,380),(171,381),(172,381),(173,381),(174,381),(175,381),(176,381),(177,381),(178,381),(179,381),(180,381),(181,382),(182,382),(183,382),(184,382),(185,382),(186,382),(187,382),(188,382),(189,382),(190,382),(191,383),(192,383),(193,383),(194,383),(195,383),(196,383),(197,383),(198,383),(199,383),(200,383),(201,384),(202,384),(203,384),(204,384),(205,384),(206,384),(207,384),(208,384),(209,384),(210,384),(211,385),(212,385),(213,385),(214,385),(215,385),(216,385),(217,385),(218,385),(219,385),(220,385),(221,386),(222,386),(223,386),(224,386),(225,386),(226,386),(227,386),(228,386),(229,386),(230,386),(231,387),(232,387),(233,387),(234,387),(235,387),(236,387),(237,387),(238,387),(239,387),(240,387),(1,388),(2,388),(3,388),(4,388),(5,388),(6,388),(7,388),(8,388),(241,388),(242,388),(9,389),(10,389),(11,389),(12,389),(13,389),(14,389),(15,389),(16,389),(17,389),(18,389),(19,390),(20,390),(21,390),(22,390),(23,390),(24,390),(25,390),(26,390),(27,390),(28,390),(29,391),(30,391),(31,391),(32,391),(33,391),(34,391),(35,391),(36,391),(37,391),(38,391),(39,392),(40,392),(41,392),(42,392),(43,392),(44,392),(45,392),(46,392),(47,392),(48,392),(49,393),(50,393),(51,393),(52,393),(53,393),(54,393),(55,393),(56,393),(57,393),(58,393),(59,394),(60,394),(61,394),(62,394),(63,394),(64,394),(65,394),(66,394),(67,394),(68,394),(69,395),(70,395),(71,395),(72,395),(73,395),(74,395),(75,395),(76,395),(77,395),(78,395),(79,396),(80,396),(81,396),(82,396),(83,396),(84,396),(85,396),(86,396),(87,396),(88,396),(89,397),(90,397),(91,397),(92,397),(93,397),(94,397),(95,397),(96,397),(97,397),(98,397),(99,398),(100,398),(101,398),(102,398),(103,398),(104,398),(105,398),(106,398),(107,398),(108,398),(109,399),(110,399),(111,399),(112,399),(113,399),(114,399),(115,399),(116,399),(117,399),(118,399),(119,400),(120,400),(121,400),(122,400),(123,400),(124,400),(125,400),(126,400),(127,400),(128,400),(129,401),(130,401),(131,401),(132,401),(133,401),(134,401),(135,401),(136,401),(137,401),(138,401),(139,402),(140,402),(141,402),(142,402),(143,402),(144,402),(145,402),(146,402),(147,402),(148,402),(149,403),(150,403),(151,403),(152,403),(153,403),(154,403),(155,403),(156,403),(157,403),(158,403),(159,404),(160,404),(161,404),(162,404),(163,404),(164,404),(165,404),(166,404),(167,404),(168,404),(169,405),(170,405),(171,405),(172,405),(173,405),(174,405),(175,405),(176,405),(177,405),(178,405),(179,406),(180,406),(181,406),(182,406),(183,406),(184,406),(185,406),(186,406),(187,406),(188,406),(189,407),(190,407),(191,407),(192,407),(193,407),(194,407),(195,407),(196,407),(197,407),(198,407),(199,408),(200,408),(201,408),(202,408),(203,408),(204,408),(205,408),(206,408),(207,408),(208,408),(209,409),(210,409),(211,409),(212,409),(213,409),(214,409),(215,409),(216,409),(217,409),(218,409),(219,410),(220,410),(221,410),(222,410),(223,410),(224,410),(225,410),(226,410),(227,410),(228,410),(229,411),(230,411),(231,411),(232,411),(233,411),(234,411),(235,411),(236,411),(237,411),(238,411),(1,412),(2,412),(3,412),(4,412),(5,412),(6,412),(239,412),(240,412),(241,412),(242,412),(7,413),(8,413),(9,413),(10,413),(11,413),(12,413),(13,413),(14,413),(15,413),(16,413),(17,414),(18,414),(19,414),(20,414),(21,414),(22,414),(23,414),(24,414),(25,414),(26,414),(27,415),(28,415),(29,415),(30,415),(31,415),(32,415),(33,415),(34,415),(35,415),(36,415),(37,416),(38,416),(39,416),(40,416),(41,416),(42,416),(43,416),(44,416),(45,416),(46,416),(47,417),(48,417),(49,417),(50,417),(51,417),(52,417),(53,417),(54,417),(55,417),(56,417),(57,418),(58,418),(59,418),(60,418),(61,418),(62,418),(63,418),(64,418),(65,418),(66,418),(67,419),(68,419),(69,419),(70,419),(71,419),(72,419),(73,419),(74,419),(75,419),(76,419),(77,420),(78,420),(79,420),(80,420),(81,420),(82,420),(83,420),(84,420),(85,420),(86,420),(87,421),(88,421),(89,421),(90,421),(91,421),(92,421),(93,421),(94,421),(95,421),(96,421),(97,422),(98,422),(99,422),(100,422),(101,422),(102,422),(103,422),(104,422),(105,422),(106,422),(107,423),(108,423),(109,423),(110,423),(111,423),(112,423),(113,423),(114,423),(115,423),(116,423),(117,424),(118,424),(119,424),(120,424),(121,424),(122,424),(123,424),(124,424),(125,424),(126,424),(127,425),(128,425),(129,425),(130,425),(131,425),(132,425),(133,425),(134,425),(135,425),(136,425),(137,426),(138,426),(139,426),(140,426),(141,426),(142,426),(143,426),(144,426),(145,426),(146,426),(147,427),(148,427),(149,427),(150,427),(151,427),(152,427),(153,427),(154,427),(155,427),(156,427),(157,428),(158,428),(159,428),(160,428),(161,428),(162,428),(163,428),(164,428),(165,428),(166,428),(167,429),(168,429),(169,429),(170,429),(171,429),(172,429),(173,429),(174,429),(175,429),(176,429),(177,430),(178,430),(179,430),(180,430),(181,430),(182,430),(183,430),(184,430),(185,430),(186,430),(187,431),(188,431),(189,431),(190,431),(191,431),(192,431),(193,431),(194,431),(195,431),(196,431),(197,432),(198,432),(199,432),(200,432),(201,432),(202,432),(203,432),(204,432),(205,432),(206,432),(207,433),(208,433),(209,433),(210,433),(211,433),(212,433),(213,433),(214,433),(215,433),(216,433),(217,434),(218,434),(219,434),(220,434),(221,434),(222,434),(223,434),(224,434),(225,434),(226,434),(227,435),(228,435),(229,435),(230,435),(231,435),(232,435),(233,435),(234,435),(235,435),(236,435),(1,436),(2,436),(3,436),(4,436),(237,436),(238,436),(239,436),(240,436),(241,436),(242,436),(5,437),(6,437),(7,437),(8,437),(9,437),(10,437),(11,437),(12,437),(13,437),(14,437),(15,438),(16,438),(17,438),(18,438),(19,438),(20,438),(21,438),(22,438),(23,438),(24,438),(25,439),(26,439),(27,439),(28,439),(29,439),(30,439),(31,439),(32,439),(33,439),(34,439),(35,440),(36,440),(37,440),(38,440),(39,440),(40,440),(41,440),(42,440),(43,440),(44,440),(45,441),(46,441),(47,441),(48,441),(49,441),(50,441),(51,441),(52,441),(53,441),(54,441),(55,442),(56,442),(57,442),(58,442),(59,442),(60,442),(61,442),(62,442),(63,442),(64,442),(65,443),(66,443),(67,443),(68,443),(69,443),(70,443),(71,443),(72,443),(73,443),(74,443),(75,444),(76,444),(77,444),(78,444),(79,444),(80,444),(81,444),(82,444),(83,444),(84,444),(85,445),(86,445),(87,445),(88,445),(89,445),(90,445),(91,445),(92,445),(93,445),(94,445),(95,446),(96,446),(97,446),(98,446),(99,446),(100,446),(101,446),(102,446),(103,446),(104,446),(105,447),(106,447),(107,447),(108,447),(109,447),(110,447),(111,447),(112,447),(113,447),(114,447),(115,448),(116,448),(117,448),(118,448),(119,448),(120,448),(121,448),(122,448),(123,448),(124,448),(125,449),(126,449),(127,449),(128,449),(129,449),(130,449),(131,449),(132,449),(133,449),(134,449),(135,450),(136,450),(137,450),(138,450),(139,450),(140,450),(141,450),(142,450),(143,450),(144,450),(145,451),(146,451),(147,451),(148,451),(149,451),(150,451),(151,451),(152,451),(153,451),(154,451),(155,452),(156,452),(157,452),(158,452),(159,452),(160,452),(161,452),(162,452),(163,452),(164,452),(165,453),(166,453),(167,453),(168,453),(169,453),(170,453),(171,453),(172,453),(173,453),(174,453),(175,454),(176,454),(177,454),(178,454),(179,454),(180,454),(181,454),(182,454),(183,454),(184,454),(185,455),(186,455),(187,455),(188,455),(189,455),(190,455),(191,455),(192,455),(193,455),(194,455),(195,456),(196,456),(197,456),(198,456),(199,456),(200,456),(201,456),(202,456),(203,456),(204,456),(205,457),(206,457),(207,457),(208,457),(209,457),(210,457),(211,457),(212,457),(213,457),(214,457),(215,458),(216,458),(217,458),(218,458),(219,458),(220,458),(221,458),(222,458),(223,458),(224,458),(225,459),(226,459),(227,459),(228,459),(229,459),(230,459),(231,459),(232,459),(233,459),(234,459),(1,460),(2,460),(235,460),(236,460),(237,460),(238,460),(239,460),(240,460),(241,460),(242,460),(3,461),(4,461),(5,461),(6,461),(7,461),(8,461),(9,461),(10,461),(11,461),(12,461),(13,462),(14,462),(15,462),(16,462),(17,462),(18,462),(19,462),(20,462),(21,462),(22,462),(23,463),(24,463),(25,463),(26,463),(27,463),(28,463),(29,463),(30,463),(31,463),(32,463),(33,464),(34,464),(35,464),(36,464),(37,464),(38,464),(39,464),(40,464),(41,464),(42,464),(43,465),(44,465),(45,465),(46,465),(47,465),(48,465),(49,465),(50,465),(51,465),(52,465),(53,466),(54,466),(55,466),(56,466),(57,466),(58,466),(59,466),(60,466),(61,466),(62,466),(63,467),(64,467),(65,467),(66,467),(67,467),(68,467),(69,467),(70,467),(71,467),(72,467),(73,468),(74,468),(75,468),(76,468),(77,468),(78,468),(79,468),(80,468),(81,468),(82,468),(83,469),(84,469),(85,469),(86,469),(87,469),(88,469),(89,469),(90,469),(91,469),(92,469),(93,470),(94,470),(95,470),(96,470),(97,470),(98,470),(99,470),(100,470),(101,470),(102,470),(103,471),(104,471),(105,471),(106,471),(107,471),(108,471),(109,471),(110,471),(111,471),(112,471),(113,472),(114,472),(115,472),(116,472),(117,472),(118,472),(119,472),(120,472),(121,472),(122,472),(123,473),(124,473),(125,473),(126,473),(127,473),(128,473),(129,473),(130,473),(131,473),(132,473),(133,474),(134,474),(135,474),(136,474),(137,474),(138,474),(139,474),(140,474),(141,474),(142,474),(143,475),(144,475),(145,475),(146,475),(147,475),(148,475),(149,475),(150,475),(151,475),(152,475),(153,476),(154,476),(155,476),(156,476),(157,476),(158,476),(159,476),(160,476),(161,476),(162,476),(163,477),(164,477),(165,477),(166,477),(167,477),(168,477),(169,477),(170,477),(171,477),(172,477),(173,478),(174,478),(175,478),(176,478),(177,478),(178,478),(179,478),(180,478),(181,478),(182,478),(183,479),(184,479),(185,479),(186,479),(187,479),(188,479),(189,479),(190,479),(191,479),(192,479),(193,480),(194,480),(195,480),(196,480),(197,480),(198,480),(199,480),(200,480),(201,480),(202,480),(203,481),(204,481),(205,481),(206,481),(207,481),(208,481),(209,481),(210,481),(211,481),(212,481),(213,482),(214,482),(215,482),(216,482),(217,482),(218,482),(219,482),(220,482),(221,482),(222,482),(223,483),(224,483),(225,483),(226,483),(227,483),(228,483),(229,483),(230,483),(231,483),(232,483),(233,484),(234,484),(235,484),(236,484),(237,484),(238,484),(239,484),(240,484),(241,484),(242,484),(1,485),(2,485),(3,485),(4,485),(5,485),(6,485),(7,485),(8,485),(9,485),(10,485),(11,486),(12,486),(13,486),(14,486),(15,486),(16,486),(17,486),(18,486),(19,486),(20,486),(21,487),(22,487),(23,487),(24,487),(25,487),(26,487),(27,487),(28,487),(29,487),(30,487),(31,488),(32,488),(33,488),(34,488),(35,488),(36,488),(37,488),(38,488),(39,488),(40,488),(41,489),(42,489),(43,489),(44,489),(45,489),(46,489),(47,489),(48,489),(49,489),(50,489),(51,490),(52,490),(53,490),(54,490),(55,490),(56,490),(57,490),(58,490),(59,490),(60,490),(61,491),(62,491),(63,491),(64,491),(65,491),(66,491),(67,491),(68,491),(69,491),(70,491),(71,492),(72,492),(73,492),(74,492),(75,492),(76,492),(77,492),(78,492),(79,492),(80,492),(81,493),(82,493),(83,493),(84,493),(85,493),(86,493),(87,493),(88,493),(89,493),(90,493),(91,494),(92,494),(93,494),(94,494),(95,494),(96,494),(97,494),(98,494),(99,494),(100,494),(101,495),(102,495),(103,495),(104,495),(105,495),(106,495),(107,495),(108,495),(109,495),(110,495),(111,496),(112,496),(113,496),(114,496),(115,496),(116,496),(117,496),(118,496),(119,496),(120,496),(121,497),(122,497),(123,497),(124,497),(125,497),(126,497),(127,497),(128,497),(129,497),(130,497),(131,498),(132,498),(133,498),(134,498),(135,498),(136,498),(137,498),(138,498),(139,498),(140,498),(141,499),(142,499),(143,499),(144,499),(145,499),(146,499),(147,499),(148,499),(149,499),(150,499),(151,500),(152,500),(153,500),(154,500),(155,500),(156,500),(157,500),(158,500),(159,500),(160,500),(161,501),(162,501),(163,501),(164,501),(165,501),(166,501),(167,501),(168,501),(169,501),(170,501),(171,502),(172,502),(173,502),(174,502),(175,502),(176,502),(177,502),(178,502),(179,502),(180,502),(181,503),(182,503),(183,503),(184,503),(185,503),(186,503),(187,503),(188,503),(189,503),(190,503),(191,504),(192,504),(193,504),(194,504),(195,504),(196,504),(197,504),(198,504),(199,504),(200,504),(201,505),(202,505),(203,505),(204,505),(205,505),(206,505),(207,505),(208,505),(209,505),(210,505),(211,506),(212,506),(213,506),(214,506),(215,506),(216,506),(217,506),(218,506),(219,506),(220,506),(221,507),(222,507),(223,507),(224,507),(225,507),(226,507),(227,507),(228,507),(229,507),(230,507),(231,508),(232,508),(233,508),(234,508),(235,508),(236,508),(237,508),(238,508),(239,508),(240,508),(1,509),(2,509),(3,509),(4,509),(5,509),(6,509),(7,509),(8,509),(241,509),(242,509),(9,510),(10,510),(11,510),(12,510),(13,510),(14,510),(15,510),(16,510),(17,510),(18,510),(19,511),(20,511),(21,511),(22,511),(23,511),(24,511),(25,511),(26,511),(27,511),(28,511),(29,512),(30,512),(31,512),(32,512),(33,512),(34,512),(35,512),(36,512),(37,512),(38,512),(39,513),(40,513),(41,513),(42,513),(43,513),(44,513),(45,513),(46,513),(47,513),(48,513),(49,514),(50,514),(51,514),(52,514),(53,514),(54,514),(55,514),(56,514),(57,514),(58,514),(59,515),(60,515),(61,515),(62,515),(63,515),(64,515),(65,515),(66,515),(67,515),(68,515),(69,516),(70,516),(71,516),(72,516),(73,516),(74,516),(75,516),(76,516),(77,516),(78,516),(79,517),(80,517),(81,517),(82,517),(83,517),(84,517),(85,517),(86,517),(87,517),(88,517),(89,518),(90,518),(91,518),(92,518),(93,518),(94,518),(95,518),(96,518),(97,518),(98,518),(99,519),(100,519),(101,519),(102,519),(103,519),(104,519),(105,519),(106,519),(107,519),(108,519),(109,520),(110,520),(111,520),(112,520),(113,520),(114,520),(115,520),(116,520),(117,520),(118,520),(119,521),(120,521),(121,521),(122,521),(123,521),(124,521),(125,521),(126,521),(127,521),(128,521),(129,522),(130,522),(131,522),(132,522),(133,522),(134,522),(135,522),(136,522),(137,522),(138,522),(139,523),(140,523),(141,523),(142,523),(143,523),(144,523),(145,523),(146,523),(147,523),(148,523),(149,524),(150,524),(151,524),(152,524),(153,524),(154,524),(155,524),(156,524),(157,524),(158,524),(159,525),(160,525),(161,525),(162,525),(163,525),(164,525),(165,525),(166,525),(167,525),(168,525),(169,526),(170,526),(171,526),(172,526),(173,526),(174,526),(175,526),(176,526),(177,526),(178,526),(179,527),(180,527),(181,527),(182,527),(183,527),(184,527),(185,527),(186,527),(187,527),(188,527),(189,528),(190,528),(191,528),(192,528),(193,528),(194,528),(195,528),(196,528),(197,528),(198,528),(199,529),(200,529),(201,529),(202,529),(203,529),(204,529),(205,529),(206,529),(207,529),(208,529),(209,530),(210,530),(211,530),(212,530),(213,530),(214,530),(215,530),(216,530),(217,530),(218,530),(219,531),(220,531),(221,531),(222,531),(223,531),(224,531),(225,531),(226,531),(227,531),(228,531),(229,532),(230,532),(231,532),(232,532),(233,532),(234,532),(235,532),(236,532),(237,532),(238,532),(1,533),(2,533),(3,533),(4,533),(5,533),(6,533),(239,533),(240,533),(241,533),(242,533),(7,534),(8,534),(9,534),(10,534),(11,534),(12,534),(13,534),(14,534),(15,534),(16,534),(17,535),(18,535),(19,535),(20,535),(21,535),(22,535),(23,535),(24,535),(25,535),(26,535);
/*!40000 ALTER TABLE `menu_ristorante` ENABLE KEYS */;
UNLOCK TABLES;

--
-- Table structure for table `migrations`
--

DROP TABLE IF EXISTS `migrations`;
/*!40101 SET @saved_cs_client     = @@character_set_client */;
/*!50503 SET character_set_client = utf8mb4 */;
CREATE TABLE `migrations` (
  `id` int unsigned NOT NULL AUTO_INCREMENT,
  `migration` varchar(255) CHARACTER SET utf8mb4 COLLATE utf8mb4_unicode_ci NOT NULL,
  `batch` int NOT NULL,
  PRIMARY KEY (`id`)
) ENGINE=InnoDB AUTO_INCREMENT=4 DEFAULT CHARSET=utf8mb4 COLLATE=utf8mb4_unicode_ci;
/*!40101 SET character_set_client = @saved_cs_client */;

--
-- Dumping data for table `migrations`
--

LOCK TABLES `migrations` WRITE;
/*!40000 ALTER TABLE `migrations` DISABLE KEYS */;
INSERT INTO `migrations` VALUES (1,'0001_01_01_000001_create_cache_table',1),(2,'0001_01_01_000002_create_jobs_table',1),(3,'2025_07_10_140443_create_sessions_table',2);
/*!40000 ALTER TABLE `migrations` ENABLE KEYS */;
UNLOCK TABLES;

--
-- Table structure for table `piatti_preferiti`
--

DROP TABLE IF EXISTS `piatti_preferiti`;
/*!40101 SET @saved_cs_client     = @@character_set_client */;
/*!50503 SET character_set_client = utf8mb4 */;
CREATE TABLE `piatti_preferiti` (
  `email_utente` varchar(255) CHARACTER SET utf8mb4 COLLATE utf8mb4_general_ci NOT NULL,
  `idMeal` int NOT NULL,
  `nome_piatto` varchar(255) CHARACTER SET utf8mb4 COLLATE utf8mb4_general_ci NOT NULL,
  `image_url` text CHARACTER SET utf8mb4 COLLATE utf8mb4_general_ci NOT NULL,
  PRIMARY KEY (`email_utente`,`idMeal`)
) ENGINE=InnoDB DEFAULT CHARSET=utf8mb4 COLLATE=utf8mb4_general_ci;
/*!40101 SET character_set_client = @saved_cs_client */;

--
-- Dumping data for table `piatti_preferiti`
--

LOCK TABLES `piatti_preferiti` WRITE;
/*!40000 ALTER TABLE `piatti_preferiti` DISABLE KEYS */;
INSERT INTO `piatti_preferiti` VALUES ('animalkartwii@gmail.com',52987,'Lasagna Sandwiches','https://www.themealdb.com/images/media/meals/xr0n4r1576788363.jpg'),('helloworld@gmail.com',52987,'Lasagna Sandwiches','https://www.themealdb.com/images/media/meals/xr0n4r1576788363.jpg'),('prova@gmail.com',52992,'Turkey Meatloaf','https://www.themealdb.com/images/media/meals/ypuxtw1511297463.jpg'),('prova@gmail.com',53014,'Pizza Express Margherita','https://www.themealdb.com/images/media/meals/x0lk931587671540.jpg');
/*!40000 ALTER TABLE `piatti_preferiti` ENABLE KEYS */;
UNLOCK TABLES;

--
-- Table structure for table `province`
--

DROP TABLE IF EXISTS `province`;
/*!40101 SET @saved_cs_client     = @@character_set_client */;
/*!50503 SET character_set_client = utf8mb4 */;
CREATE TABLE `province` (
  `id_provincia` int NOT NULL AUTO_INCREMENT,
  `nome_provincia` varchar(100) CHARACTER SET utf8mb4 COLLATE utf8mb4_general_ci NOT NULL,
  `id_regione` int NOT NULL,
  PRIMARY KEY (`id_provincia`),
  UNIQUE KEY `nome_provincia` (`nome_provincia`),
  KEY `id_regione` (`id_regione`),
  CONSTRAINT `province_ibfk_1` FOREIGN KEY (`id_regione`) REFERENCES `regioni` (`id_regione`)
) ENGINE=InnoDB AUTO_INCREMENT=108 DEFAULT CHARSET=utf8mb4 COLLATE=utf8mb4_general_ci;
/*!40101 SET character_set_client = @saved_cs_client */;

--
-- Dumping data for table `province`
--

LOCK TABLES `province` WRITE;
/*!40000 ALTER TABLE `province` DISABLE KEYS */;
INSERT INTO `province` VALUES (1,'Agrigento',15),(2,'Alessandria',12),(3,'Ancona',10),(4,'Aosta',19),(5,'Arezzo',16),(6,'Ascoli Piceno',10),(7,'Asti',12),(8,'Avellino',4),(9,'Bari',13),(10,'Barletta-Andria-Trani',13),(11,'Belluno',20),(12,'Benevento',4),(13,'Bergamo',9),(14,'Biella',12),(15,'Bologna',5),(16,'Bolzano',17),(17,'Brescia',9),(18,'Brindisi',13),(19,'Cagliari',14),(20,'Caltanissetta',15),(21,'Campobasso',11),(22,'Caserta',4),(23,'Catania',15),(24,'Catanzaro',3),(25,'Chieti',1),(26,'Como',9),(27,'Cosenza',3),(28,'Cremona',9),(29,'Crotone',3),(30,'Cuneo',12),(31,'Enna',15),(32,'Fermo',10),(33,'Ferrara',5),(34,'Firenze',16),(35,'Foggia',13),(36,'Forl+',5),(37,'Frosinone',7),(38,'Genova',8),(39,'Gorizia',6),(40,'Grosseto',16),(41,'Imperia',8),(42,'Isernia',11),(43,'L\'aquila',1),(44,'La spezia',8),(45,'Latina',7),(46,'Lecce',13),(47,'Lecco',9),(48,'Livorno',16),(49,'Lodi',9),(50,'Lucca',16),(51,'Macerata',10),(52,'Mantova',9),(53,'Massa-Carrara',16),(54,'Matera',2),(55,'Messina',15),(56,'Milano',9),(57,'Modena',5),(58,'Monza e Brianza',9),(59,'Napoli',4),(60,'Novara',12),(61,'Nuoro',14),(62,'Oristano',14),(63,'Padova',20),(64,'Palermo',15),(65,'Parma',5),(66,'Pavia',9),(67,'Perugia',18),(68,'Pesaro e Urbino',10),(69,'Pescara',1),(70,'Piacenza',5),(71,'Pisa',16),(72,'Pistoia',16),(73,'Pordenone',6),(74,'Potenza',2),(75,'Prato',16),(76,'Ragusa',15),(77,'Ravenna',5),(78,'Reggio Calabria',3),(79,'Reggio Emilia',5),(80,'Rieti',7),(81,'Rimini',5),(82,'Roma',7),(83,'Rovigo',20),(84,'Salerno',4),(85,'Sassari',14),(86,'Savona',8),(87,'Siena',16),(88,'Siracusa',15),(89,'Sondrio',9),(90,'Sud Sardegna',14),(91,'Taranto',13),(92,'Teramo',1),(93,'Terni',18),(94,'Torino',12),(95,'Trapani',15),(96,'Trento',17),(97,'Treviso',20),(98,'Trieste',6),(99,'Udine',6),(100,'Varese',9),(101,'Venezia',20),(102,'Verbano-Cusio-Ossola',12),(103,'Vercelli',12),(104,'Verona',20),(105,'Vibo valentia',3),(106,'Vicenza',20),(107,'Viterbo',7);
/*!40000 ALTER TABLE `province` ENABLE KEYS */;
UNLOCK TABLES;

--
-- Table structure for table `recensioni`
--

DROP TABLE IF EXISTS `recensioni`;
/*!40101 SET @saved_cs_client     = @@character_set_client */;
/*!50503 SET character_set_client = utf8mb4 */;
CREATE TABLE `recensioni` (
  `numero_recensione` int NOT NULL AUTO_INCREMENT,
  `voto` int DEFAULT NULL,
  `titolo_recensione` text CHARACTER SET utf8mb4 COLLATE utf8mb4_general_ci,
  `descrizione` text CHARACTER SET utf8mb4 COLLATE utf8mb4_general_ci,
  `autore` text CHARACTER SET utf8mb4 COLLATE utf8mb4_general_ci,
  PRIMARY KEY (`numero_recensione`),
  CONSTRAINT `recensioni_chk_1` CHECK ((`voto` between 1 and 10))
) ENGINE=InnoDB AUTO_INCREMENT=11 DEFAULT CHARSET=utf8mb4 COLLATE=utf8mb4_general_ci;
/*!40101 SET character_set_client = @saved_cs_client */;

--
-- Dumping data for table `recensioni`
--

LOCK TABLES `recensioni` WRITE;
/*!40000 ALTER TABLE `recensioni` DISABLE KEYS */;
INSERT INTO `recensioni` VALUES (1,8,'Buona esperienza','Il cibo +','Marco Rossi'),(2,10,'Perfetto','Servizio eccellente e pizza fantastica. Ordiner+','Giulia Bianchi'),(3,7,'Soddisfatto','Tempi di consegna un po\' lunghi, ma il cibo era buono.','Luca Verdi'),(4,6,'Nella media','Nulla di speciale, porzioni piccole ma sapore ok.','Chiara Neri'),(5,9,'Ottimo!','Molto soddisfatto, porzioni abbondanti e saporite.','Alessandro Gallo'),(6,5,'Deludente','Consegna in ritardo e cibo freddo. Peccato.','Martina Fontana'),(7,10,'Eccellente','Tutto perfetto: tempi, qualit+','Davide Conti'),(8,4,'Pessimo servizio','Ordine sbagliato e ritardo di un\'ora. Mai pi+','Sara Romano'),(9,7,'Buono ma migliorabile','Il cibo era buono, ma mancava una bevanda.','Francesco De Luca'),(10,9,'Consigliato','Ottimo ristorante, piatti gustosi e ben confezionati.','Elena Greco');
/*!40000 ALTER TABLE `recensioni` ENABLE KEYS */;
UNLOCK TABLES;

--
-- Table structure for table `regioni`
--

DROP TABLE IF EXISTS `regioni`;
/*!40101 SET @saved_cs_client     = @@character_set_client */;
/*!50503 SET character_set_client = utf8mb4 */;
CREATE TABLE `regioni` (
  `id_regione` int NOT NULL AUTO_INCREMENT,
  `nome_regione` varchar(100) CHARACTER SET utf8mb4 COLLATE utf8mb4_general_ci NOT NULL,
  PRIMARY KEY (`id_regione`),
  UNIQUE KEY `nome_regione` (`nome_regione`)
) ENGINE=InnoDB AUTO_INCREMENT=21 DEFAULT CHARSET=utf8mb4 COLLATE=utf8mb4_general_ci;
/*!40101 SET character_set_client = @saved_cs_client */;

--
-- Dumping data for table `regioni`
--

LOCK TABLES `regioni` WRITE;
/*!40000 ALTER TABLE `regioni` DISABLE KEYS */;
INSERT INTO `regioni` VALUES (1,'Abruzzo'),(2,'Basilicata'),(3,'Calabria'),(4,'Campania'),(5,'Emilia-Romagna'),(6,'Friuli-Venezia Giulia'),(7,'Lazio'),(8,'Liguria'),(9,'Lombardia'),(10,'Marche'),(11,'Molise'),(12,'Piemonte'),(13,'Puglia'),(14,'Sardegna'),(15,'Sicilia'),(16,'Toscana'),(17,'Trentino-Alto Adige'),(18,'Umbria'),(19,'Valle d\'Aosta'),(20,'Veneto');
/*!40000 ALTER TABLE `regioni` ENABLE KEYS */;
UNLOCK TABLES;

--
-- Table structure for table `ristorante`
--

DROP TABLE IF EXISTS `ristorante`;
/*!40101 SET @saved_cs_client     = @@character_set_client */;
/*!50503 SET character_set_client = utf8mb4 */;
CREATE TABLE `ristorante` (
  `id_ristorante` int NOT NULL AUTO_INCREMENT,
  `nome_ristorante` varchar(255) CHARACTER SET utf8mb4 COLLATE utf8mb4_general_ci NOT NULL,
  `tipologia_ristorante` varchar(100) CHARACTER SET utf8mb4 COLLATE utf8mb4_general_ci NOT NULL,
  `provincia_ristorante` varchar(100) CHARACTER SET utf8mb4 COLLATE utf8mb4_general_ci NOT NULL,
  `stelle_ristorante` int DEFAULT NULL,
  PRIMARY KEY (`id_ristorante`),
  CONSTRAINT `ristorante_chk_1` CHECK ((`stelle_ristorante` between 1 and 5))
) ENGINE=InnoDB AUTO_INCREMENT=536 DEFAULT CHARSET=utf8mb4 COLLATE=utf8mb4_general_ci;
/*!40101 SET character_set_client = @saved_cs_client */;

--
-- Dumping data for table `ristorante`
--

LOCK TABLES `ristorante` WRITE;
/*!40000 ALTER TABLE `ristorante` DISABLE KEYS */;
INSERT INTO `ristorante` VALUES (1,'Ristorante AGR1','Italiana','Agrigento',1),(2,'Ristorante AGR2','Gourmet','Agrigento',1),(3,'Ristorante AGR3','Vegetariana','Agrigento',2),(4,'Ristorante AGR4','Italiana','Agrigento',4),(5,'Ristorante AGR5','Gourmet','Agrigento',2),(6,'Ristorante ALE1','Griglia','Alessandria',2),(7,'Ristorante ALE2','Fusion','Alessandria',1),(8,'Ristorante ALE3','Italiana','Alessandria',4),(9,'Ristorante ALE4','Italiana','Alessandria',3),(10,'Ristorante ALE5','Italiana','Alessandria',3),(11,'Ristorante ANC1','Gourmet','Ancona',2),(12,'Ristorante ANC2','Vegetariana','Ancona',1),(13,'Ristorante ANC3','Griglia','Ancona',2),(14,'Ristorante ANC4','Pizza','Ancona',2),(15,'Ristorante ANC5','Griglia','Ancona',3),(16,'Ristorante AOS1','Sushi','Aosta',5),(17,'Ristorante AOS2','Sushi','Aosta',2),(18,'Ristorante AOS3','Fusion','Aosta',5),(19,'Ristorante AOS4','Griglia','Aosta',1),(20,'Ristorante AOS5','Fusion','Aosta',4),(21,'Ristorante ARE1','Sushi','Arezzo',1),(22,'Ristorante ARE2','Italiana','Arezzo',1),(23,'Ristorante ARE3','Vegetariana','Arezzo',4),(24,'Ristorante ARE4','Sushi','Arezzo',3),(25,'Ristorante ARE5','Vegetariana','Arezzo',5),(26,'Ristorante ASC1','Griglia','Ascoli Piceno',4),(27,'Ristorante ASC2','Italiana','Ascoli Piceno',3),(28,'Ristorante ASC3','Italiana','Ascoli Piceno',4),(29,'Ristorante ASC4','Vegetariana','Ascoli Piceno',5),(30,'Ristorante ASC5','Gourmet','Ascoli Piceno',5),(31,'Ristorante AST1','Vegetariana','Asti',5),(32,'Ristorante AST2','Vegetariana','Asti',1),(33,'Ristorante AST3','Griglia','Asti',2),(34,'Ristorante AST4','Pizza','Asti',5),(35,'Ristorante AST5','Italiana','Asti',4),(36,'Ristorante AVE1','Sushi','Avellino',3),(37,'Ristorante AVE2','Griglia','Avellino',3),(38,'Ristorante AVE3','Gourmet','Avellino',5),(39,'Ristorante AVE4','Italiana','Avellino',2),(40,'Ristorante AVE5','Gourmet','Avellino',5),(41,'Ristorante BAR1','Griglia','Bari',1),(42,'Ristorante BAR2','Vegetariana','Bari',5),(43,'Ristorante BAR3','Fusion','Bari',2),(44,'Ristorante BAR4','Italiana','Bari',2),(45,'Ristorante BAR5','Vegetariana','Bari',1),(46,'Ristorante BAR1','Fusion','Barletta-Andria-Trani',5),(47,'Ristorante BAR2','Fusion','Barletta-Andria-Trani',2),(48,'Ristorante BAR3','Pizza','Barletta-Andria-Trani',2),(49,'Ristorante BAR4','Pizza','Barletta-Andria-Trani',5),(50,'Ristorante BAR5','Gourmet','Barletta-Andria-Trani',2),(51,'Ristorante BEL1','Sushi','Belluno',3),(52,'Ristorante BEL2','Italiana','Belluno',5),(53,'Ristorante BEL3','Gourmet','Belluno',5),(54,'Ristorante BEL4','Vegetariana','Belluno',4),(55,'Ristorante BEL5','Sushi','Belluno',5),(56,'Ristorante BEN1','Sushi','Benevento',3),(57,'Ristorante BEN2','Italiana','Benevento',4),(58,'Ristorante BEN3','Fusion','Benevento',1),(59,'Ristorante BEN4','Griglia','Benevento',3),(60,'Ristorante BEN5','Gourmet','Benevento',5),(61,'Ristorante BER1','Gourmet','Bergamo',3),(62,'Ristorante BER2','Pizza','Bergamo',5),(63,'Ristorante BER3','Griglia','Bergamo',1),(64,'Ristorante BER4','Fusion','Bergamo',3),(65,'Ristorante BER5','Fusion','Bergamo',1),(66,'Ristorante BIE1','Gourmet','Biella',5),(67,'Ristorante BIE2','Pizza','Biella',2),(68,'Ristorante BIE3','Pizza','Biella',1),(69,'Ristorante BIE4','Sushi','Biella',1),(70,'Ristorante BIE5','Sushi','Biella',4),(71,'Ristorante BOL1','Gourmet','Bologna',1),(72,'Ristorante BOL2','Griglia','Bologna',4),(73,'Ristorante BOL3','Pizza','Bologna',4),(74,'Ristorante BOL4','Vegetariana','Bologna',1),(75,'Ristorante BOL5','Pizza','Bologna',5),(76,'Ristorante BOL1','Gourmet','Bolzano',5),(77,'Ristorante BOL2','Italiana','Bolzano',1),(78,'Ristorante BOL3','Vegetariana','Bolzano',5),(79,'Ristorante BOL4','Gourmet','Bolzano',1),(80,'Ristorante BOL5','Fusion','Bolzano',5),(81,'Ristorante BRE1','Pizza','Brescia',1),(82,'Ristorante BRE2','Gourmet','Brescia',1),(83,'Ristorante BRE3','Sushi','Brescia',1),(84,'Ristorante BRE4','Pizza','Brescia',2),(85,'Ristorante BRE5','Fusion','Brescia',2),(86,'Ristorante BRI1','Vegetariana','Brindisi',3),(87,'Ristorante BRI2','Sushi','Brindisi',3),(88,'Ristorante BRI3','Italiana','Brindisi',2),(89,'Ristorante BRI4','Griglia','Brindisi',5),(90,'Ristorante BRI5','Italiana','Brindisi',2),(91,'Ristorante CAG1','Gourmet','Cagliari',3),(92,'Ristorante CAG2','Gourmet','Cagliari',3),(93,'Ristorante CAG3','Pizza','Cagliari',1),(94,'Ristorante CAG4','Griglia','Cagliari',2),(95,'Ristorante CAG5','Gourmet','Cagliari',3),(96,'Ristorante CAL1','Vegetariana','Caltanissetta',3),(97,'Ristorante CAL2','Griglia','Caltanissetta',5),(98,'Ristorante CAL3','Sushi','Caltanissetta',2),(99,'Ristorante CAL4','Sushi','Caltanissetta',4),(100,'Ristorante CAL5','Pizza','Caltanissetta',4),(101,'Ristorante CAM1','Italiana','Campobasso',4),(102,'Ristorante CAM2','Sushi','Campobasso',3),(103,'Ristorante CAM3','Pizza','Campobasso',5),(104,'Ristorante CAM4','Italiana','Campobasso',4),(105,'Ristorante CAM5','Gourmet','Campobasso',3),(106,'Ristorante CAS1','Sushi','Caserta',1),(107,'Ristorante CAS2','Vegetariana','Caserta',4),(108,'Ristorante CAS3','Pizza','Caserta',2),(109,'Ristorante CAS4','Gourmet','Caserta',5),(110,'Ristorante CAS5','Italiana','Caserta',4),(111,'Ristorante CAT1','Fusion','Catania',4),(112,'Ristorante CAT2','Fusion','Catania',2),(113,'Ristorante CAT3','Gourmet','Catania',5),(114,'Ristorante CAT4','Sushi','Catania',1),(115,'Ristorante CAT5','Italiana','Catania',2),(116,'Ristorante CAT1','Italiana','Catanzaro',4),(117,'Ristorante CAT2','Vegetariana','Catanzaro',5),(118,'Ristorante CAT3','Vegetariana','Catanzaro',3),(119,'Ristorante CAT4','Griglia','Catanzaro',1),(120,'Ristorante CAT5','Sushi','Catanzaro',4),(121,'Ristorante CHI1','Fusion','Chieti',3),(122,'Ristorante CHI2','Griglia','Chieti',2),(123,'Ristorante CHI3','Gourmet','Chieti',4),(124,'Ristorante CHI4','Fusion','Chieti',4),(125,'Ristorante CHI5','Italiana','Chieti',4),(126,'Ristorante COM1','Gourmet','Como',2),(127,'Ristorante COM2','Vegetariana','Como',1),(128,'Ristorante COM3','Gourmet','Como',3),(129,'Ristorante COM4','Gourmet','Como',2),(130,'Ristorante COM5','Pizza','Como',4),(131,'Ristorante COS1','Fusion','Cosenza',5),(132,'Ristorante COS2','Vegetariana','Cosenza',2),(133,'Ristorante COS3','Vegetariana','Cosenza',3),(134,'Ristorante COS4','Sushi','Cosenza',2),(135,'Ristorante COS5','Gourmet','Cosenza',3),(136,'Ristorante CRE1','Griglia','Cremona',2),(137,'Ristorante CRE2','Fusion','Cremona',1),(138,'Ristorante CRE3','Griglia','Cremona',3),(139,'Ristorante CRE4','Italiana','Cremona',1),(140,'Ristorante CRE5','Vegetariana','Cremona',2),(141,'Ristorante CRO1','Sushi','Crotone',2),(142,'Ristorante CRO2','Fusion','Crotone',1),(143,'Ristorante CRO3','Sushi','Crotone',2),(144,'Ristorante CRO4','Fusion','Crotone',5),(145,'Ristorante CRO5','Gourmet','Crotone',2),(146,'Ristorante CUN1','Griglia','Cuneo',2),(147,'Ristorante CUN2','Gourmet','Cuneo',2),(148,'Ristorante CUN3','Fusion','Cuneo',1),(149,'Ristorante CUN4','Fusion','Cuneo',2),(150,'Ristorante CUN5','Sushi','Cuneo',1),(151,'Ristorante ENN1','Griglia','Enna',3),(152,'Ristorante ENN2','Vegetariana','Enna',3),(153,'Ristorante ENN3','Gourmet','Enna',3),(154,'Ristorante ENN4','Gourmet','Enna',1),(155,'Ristorante ENN5','Griglia','Enna',4),(156,'Ristorante FER1','Sushi','Fermo',1),(157,'Ristorante FER2','Italiana','Fermo',4),(158,'Ristorante FER3','Pizza','Fermo',2),(159,'Ristorante FER4','Griglia','Fermo',3),(160,'Ristorante FER5','Sushi','Fermo',4),(161,'Ristorante FER1','Sushi','Ferrara',5),(162,'Ristorante FER2','Pizza','Ferrara',3),(163,'Ristorante FER3','Vegetariana','Ferrara',1),(164,'Ristorante FER4','Gourmet','Ferrara',3),(165,'Ristorante FER5','Italiana','Ferrara',1),(166,'Ristorante FIR1','Fusion','Firenze',4),(167,'Ristorante FIR2','Pizza','Firenze',3),(168,'Ristorante FIR3','Sushi','Firenze',3),(169,'Ristorante FIR4','Sushi','Firenze',5),(170,'Ristorante FIR5','Gourmet','Firenze',5),(171,'Ristorante FOG1','Fusion','Foggia',2),(172,'Ristorante FOG2','Pizza','Foggia',2),(173,'Ristorante FOG3','Griglia','Foggia',3),(174,'Ristorante FOG4','Sushi','Foggia',3),(175,'Ristorante FOG5','Griglia','Foggia',2),(176,'Ristorante FOR1','Fusion','Forl+',3),(177,'Ristorante FOR2','Pizza','Forl+',4),(178,'Ristorante FOR3','Sushi','Forl+',2),(179,'Ristorante FOR4','Griglia','Forl+',5),(180,'Ristorante FOR5','Fusion','Forl+',5),(181,'Ristorante FRO1','Fusion','Frosinone',2),(182,'Ristorante FRO2','Gourmet','Frosinone',1),(183,'Ristorante FRO3','Sushi','Frosinone',4),(184,'Ristorante FRO4','Gourmet','Frosinone',2),(185,'Ristorante FRO5','Pizza','Frosinone',5),(186,'Ristorante GEN1','Pizza','Genova',1),(187,'Ristorante GEN2','Griglia','Genova',2),(188,'Ristorante GEN3','Vegetariana','Genova',3),(189,'Ristorante GEN4','Fusion','Genova',4),(190,'Ristorante GEN5','Fusion','Genova',1),(191,'Ristorante GOR1','Fusion','Gorizia',5),(192,'Ristorante GOR2','Gourmet','Gorizia',3),(193,'Ristorante GOR3','Pizza','Gorizia',5),(194,'Ristorante GOR4','Italiana','Gorizia',1),(195,'Ristorante GOR5','Italiana','Gorizia',2),(196,'Ristorante GRO1','Pizza','Grosseto',4),(197,'Ristorante GRO2','Pizza','Grosseto',5),(198,'Ristorante GRO3','Fusion','Grosseto',5),(199,'Ristorante GRO4','Pizza','Grosseto',4),(200,'Ristorante GRO5','Pizza','Grosseto',3),(201,'Ristorante IMP1','Pizza','Imperia',2),(202,'Ristorante IMP2','Italiana','Imperia',3),(203,'Ristorante IMP3','Pizza','Imperia',4),(204,'Ristorante IMP4','Fusion','Imperia',1),(205,'Ristorante IMP5','Fusion','Imperia',3),(206,'Ristorante ISE1','Griglia','Isernia',1),(207,'Ristorante ISE2','Fusion','Isernia',1),(208,'Ristorante ISE3','Griglia','Isernia',4),(209,'Ristorante ISE4','Sushi','Isernia',3),(210,'Ristorante ISE5','Gourmet','Isernia',2),(211,'Ristorante AL COLLE67','Pizza','La spezia',5),(212,'Bistrot DEL SOLE43','Italiano','Isernia',4),(213,'Bistrot DEL COLLE22','Italiano','Roma',4),(214,'Ristorante DEL SOLE58','Fusion','Firenze',1),(215,'Osteria AL SOLE6','Pizza','Isernia',5),(216,'Ristorante LA 1','Sushi','La spezia',4),(217,'Ristorante LA 2','Gourmet','La spezia',4),(218,'Ristorante LA 3','Griglia','La spezia',3),(219,'Ristorante LA 4','Griglia','La spezia',2),(220,'Ristorante LA 5','Griglia','La spezia',2),(221,'Ristorante LAT1','Vegetariana','Latina',2),(222,'Ristorante LAT2','Sushi','Latina',2),(223,'Ristorante LAT3','Sushi','Latina',1),(224,'Ristorante LAT4','Italiana','Latina',4),(225,'Ristorante LAT5','Vegetariana','Latina',1),(226,'Ristorante LEC1','Pizza','Lecce',5),(227,'Ristorante LEC2','Vegetariana','Lecce',1),(228,'Ristorante LEC3','Italiana','Lecce',1),(229,'Ristorante LEC4','Fusion','Lecce',1),(230,'Ristorante LEC5','Gourmet','Lecce',2),(231,'Ristorante LEC1','Italiana','Lecco',2),(232,'Ristorante LEC2','Pizza','Lecco',2),(233,'Ristorante LEC3','Gourmet','Lecco',2),(234,'Ristorante LEC4','Italiana','Lecco',4),(235,'Ristorante LEC5','Vegetariana','Lecco',1),(236,'Ristorante LIV1','Gourmet','Livorno',2),(237,'Ristorante LIV2','Sushi','Livorno',4),(238,'Ristorante LIV3','Pizza','Livorno',5),(239,'Ristorante LIV4','Griglia','Livorno',1),(240,'Ristorante LIV5','Sushi','Livorno',1),(241,'Ristorante LOD1','Sushi','Lodi',2),(242,'Ristorante LOD2','Griglia','Lodi',4),(243,'Ristorante LOD3','Pizza','Lodi',5),(244,'Ristorante LOD4','Griglia','Lodi',1),(245,'Ristorante LOD5','Griglia','Lodi',5),(246,'Ristorante LUC1','Gourmet','Lucca',2),(247,'Ristorante LUC2','Pizza','Lucca',3),(248,'Ristorante LUC3','Pizza','Lucca',4),(249,'Ristorante LUC4','Griglia','Lucca',3),(250,'Ristorante LUC5','Sushi','Lucca',2),(251,'Ristorante MAC1','Italiana','Macerata',3),(252,'Ristorante MAC2','Griglia','Macerata',3),(253,'Ristorante MAC3','Fusion','Macerata',2),(254,'Ristorante MAC4','Gourmet','Macerata',3),(255,'Ristorante MAC5','Pizza','Macerata',2),(256,'Ristorante MAN1','Pizza','Mantova',2),(257,'Ristorante MAN2','Gourmet','Mantova',1),(258,'Ristorante MAN3','Pizza','Mantova',1),(259,'Ristorante MAN4','Italiana','Mantova',1),(260,'Ristorante MAN5','Gourmet','Mantova',5),(261,'Ristorante MAS1','Fusion','Massa-Carrara',4),(262,'Ristorante MAS2','Vegetariana','Massa-Carrara',5),(263,'Ristorante MAS3','Gourmet','Massa-Carrara',1),(264,'Ristorante MAS4','Fusion','Massa-Carrara',5),(265,'Ristorante MAS5','Griglia','Massa-Carrara',4),(266,'Ristorante MAT1','Pizza','Matera',2),(267,'Ristorante MAT2','Gourmet','Matera',5),(268,'Ristorante MAT3','Vegetariana','Matera',1),(269,'Ristorante MAT4','Vegetariana','Matera',4),(270,'Ristorante MAT5','Pizza','Matera',3),(271,'Ristorante MES1','Griglia','Messina',2),(272,'Ristorante MES2','Griglia','Messina',3),(273,'Ristorante MES3','Vegetariana','Messina',4),(274,'Ristorante MES4','Pizza','Messina',5),(275,'Ristorante MES5','Fusion','Messina',1),(276,'Ristorante MIL1','Pizza','Milano',1),(277,'Ristorante MIL2','Pizza','Milano',5),(278,'Ristorante MIL3','Vegetariana','Milano',4),(279,'Ristorante MIL4','Italiana','Milano',5),(280,'Ristorante MIL5','Vegetariana','Milano',4),(281,'Ristorante MOD1','Gourmet','Modena',3),(282,'Ristorante MOD2','Fusion','Modena',3),(283,'Ristorante MOD3','Sushi','Modena',2),(284,'Ristorante MOD4','Vegetariana','Modena',4),(285,'Ristorante MOD5','Vegetariana','Modena',1),(286,'Ristorante MON1','Gourmet','Monza e Brianza',3),(287,'Ristorante MON2','Sushi','Monza e Brianza',2),(288,'Ristorante MON3','Italiana','Monza e Brianza',2),(289,'Ristorante MON4','Sushi','Monza e Brianza',3),(290,'Ristorante MON5','Griglia','Monza e Brianza',2),(291,'Ristorante NAP1','Italiana','Napoli',1),(292,'Ristorante NAP2','Vegetariana','Napoli',2),(293,'Ristorante NAP3','Sushi','Napoli',2),(294,'Ristorante NAP4','Sushi','Napoli',3),(295,'Ristorante NAP5','Gourmet','Napoli',2),(296,'Ristorante NOV1','Vegetariana','Novara',1),(297,'Ristorante NOV2','Italiana','Novara',5),(298,'Ristorante NOV3','Sushi','Novara',1),(299,'Ristorante NOV4','Pizza','Novara',3),(300,'Ristorante NOV5','Pizza','Novara',4),(301,'Ristorante NUO1','Sushi','Nuoro',2),(302,'Ristorante NUO2','Sushi','Nuoro',1),(303,'Ristorante NUO3','Vegetariana','Nuoro',4),(304,'Ristorante NUO4','Vegetariana','Nuoro',4),(305,'Ristorante NUO5','Pizza','Nuoro',1),(306,'Ristorante ORI1','Vegetariana','Oristano',1),(307,'Ristorante ORI2','Griglia','Oristano',1),(308,'Ristorante ORI3','Pizza','Oristano',2),(309,'Ristorante ORI4','Griglia','Oristano',1),(310,'Ristorante ORI5','Italiana','Oristano',5),(311,'Ristorante PAD1','Sushi','Padova',2),(312,'Ristorante PAD2','Fusion','Padova',1),(313,'Ristorante PAD3','Pizza','Padova',5),(314,'Ristorante PAD4','Sushi','Padova',3),(315,'Ristorante PAD5','Pizza','Padova',1),(316,'Ristorante PAL1','Fusion','Palermo',5),(317,'Ristorante PAL2','Fusion','Palermo',4),(318,'Ristorante PAL3','Vegetariana','Palermo',4),(319,'Ristorante PAL4','Sushi','Palermo',4),(320,'Ristorante PAL5','Griglia','Palermo',4),(321,'Ristorante PAR1','Pizza','Parma',5),(322,'Ristorante PAR2','Italiana','Parma',4),(323,'Ristorante PAR3','Vegetariana','Parma',2),(324,'Ristorante PAR4','Pizza','Parma',3),(325,'Ristorante PAR5','Italiana','Parma',1),(326,'Ristorante PAV1','Italiana','Pavia',1),(327,'Ristorante PAV2','Italiana','Pavia',2),(328,'Ristorante PAV3','Griglia','Pavia',5),(329,'Ristorante PAV4','Fusion','Pavia',2),(330,'Ristorante PAV5','Italiana','Pavia',5),(331,'Ristorante PER1','Vegetariana','Perugia',3),(332,'Ristorante PER2','Gourmet','Perugia',1),(333,'Ristorante PER3','Griglia','Perugia',5),(334,'Ristorante PER4','Italiana','Perugia',4),(335,'Ristorante PER5','Gourmet','Perugia',1),(336,'Ristorante PES1','Griglia','Pesaro e Urbino',2),(337,'Ristorante PES2','Vegetariana','Pesaro e Urbino',3),(338,'Ristorante PES3','Gourmet','Pesaro e Urbino',3),(339,'Ristorante PES4','Griglia','Pesaro e Urbino',4),(340,'Ristorante PES5','Italiana','Pesaro e Urbino',1),(341,'Ristorante PES1','Italiana','Pescara',1),(342,'Ristorante PES2','Italiana','Pescara',3),(343,'Ristorante PES3','Sushi','Pescara',5),(344,'Ristorante PES4','Griglia','Pescara',4),(345,'Ristorante PES5','Griglia','Pescara',3),(346,'Ristorante PIA1','Sushi','Piacenza',1),(347,'Ristorante PIA2','Gourmet','Piacenza',5),(348,'Ristorante PIA3','Pizza','Piacenza',4),(349,'Ristorante PIA4','Griglia','Piacenza',4),(350,'Ristorante PIA5','Gourmet','Piacenza',1),(351,'Ristorante PIS1','Griglia','Pisa',3),(352,'Ristorante PIS2','Fusion','Pisa',4),(353,'Ristorante PIS3','Gourmet','Pisa',3),(354,'Ristorante PIS4','Fusion','Pisa',5),(355,'Ristorante PIS5','Italiana','Pisa',1),(356,'Ristorante PIS1','Sushi','Pistoia',3),(357,'Ristorante PIS2','Sushi','Pistoia',4),(358,'Ristorante PIS3','Griglia','Pistoia',1),(359,'Ristorante PIS4','Fusion','Pistoia',4),(360,'Ristorante PIS5','Gourmet','Pistoia',1),(361,'Ristorante POR1','Sushi','Pordenone',4),(362,'Ristorante POR2','Italiana','Pordenone',2),(363,'Ristorante POR3','Fusion','Pordenone',4),(364,'Ristorante POR4','Italiana','Pordenone',4),(365,'Ristorante POR5','Italiana','Pordenone',3),(366,'Ristorante POT1','Italiana','Potenza',3),(367,'Ristorante POT2','Italiana','Potenza',2),(368,'Ristorante POT3','Sushi','Potenza',4),(369,'Ristorante POT4','Sushi','Potenza',2),(370,'Ristorante POT5','Gourmet','Potenza',3),(371,'Ristorante PRA1','Gourmet','Prato',4),(372,'Ristorante PRA2','Vegetariana','Prato',4),(373,'Ristorante PRA3','Pizza','Prato',5),(374,'Ristorante PRA4','Gourmet','Prato',4),(375,'Ristorante PRA5','Pizza','Prato',5),(376,'Ristorante RAG1','Gourmet','Ragusa',2),(377,'Ristorante RAG2','Fusion','Ragusa',1),(378,'Ristorante RAG3','Sushi','Ragusa',4),(379,'Ristorante RAG4','Vegetariana','Ragusa',2),(380,'Ristorante RAG5','Fusion','Ragusa',5),(381,'Ristorante RAV1','Fusion','Ravenna',2),(382,'Ristorante RAV2','Vegetariana','Ravenna',2),(383,'Ristorante RAV3','Griglia','Ravenna',4),(384,'Ristorante RAV4','Italiana','Ravenna',2),(385,'Ristorante RAV5','Sushi','Ravenna',2),(386,'Ristorante REG1','Gourmet','Reggio Calabria',5),(387,'Ristorante REG2','Griglia','Reggio Calabria',1),(388,'Ristorante REG3','Vegetariana','Reggio Calabria',2),(389,'Ristorante REG4','Griglia','Reggio Calabria',2),(390,'Ristorante REG5','Sushi','Reggio Calabria',5),(391,'Ristorante REG1','Gourmet','Reggio Emilia',3),(392,'Ristorante REG2','Vegetariana','Reggio Emilia',2),(393,'Ristorante REG3','Pizza','Reggio Emilia',4),(394,'Ristorante REG4','Vegetariana','Reggio Emilia',5),(395,'Ristorante REG5','Griglia','Reggio Emilia',2),(396,'Ristorante RIE1','Italiana','Rieti',3),(397,'Ristorante RIE2','Sushi','Rieti',2),(398,'Ristorante RIE3','Gourmet','Rieti',4),(399,'Ristorante RIE4','Pizza','Rieti',2),(400,'Ristorante RIE5','Sushi','Rieti',5),(401,'Ristorante RIM1','Fusion','Rimini',4),(402,'Ristorante RIM2','Gourmet','Rimini',3),(403,'Ristorante RIM3','Vegetariana','Rimini',1),(404,'Ristorante RIM4','Italiana','Rimini',1),(405,'Ristorante RIM5','Vegetariana','Rimini',1),(406,'Ristorante ROM1','Pizza','Roma',2),(407,'Ristorante ROM2','Vegetariana','Roma',2),(408,'Ristorante ROM3','Vegetariana','Roma',4),(409,'Ristorante ROM4','Fusion','Roma',1),(410,'Ristorante ROM5','Fusion','Roma',2),(411,'Ristorante ROV1','Pizza','Rovigo',4),(412,'Ristorante ROV2','Pizza','Rovigo',2),(413,'Ristorante ROV3','Sushi','Rovigo',2),(414,'Ristorante ROV4','Griglia','Rovigo',5),(415,'Ristorante ROV5','Griglia','Rovigo',5),(416,'Ristorante SAL1','Vegetariana','Salerno',5),(417,'Ristorante SAL2','Gourmet','Salerno',4),(418,'Ristorante SAL3','Pizza','Salerno',3),(419,'Ristorante SAL4','Gourmet','Salerno',4),(420,'Ristorante SAL5','Sushi','Salerno',1),(421,'Ristorante SAS1','Italiana','Sassari',2),(422,'Ristorante SAS2','Vegetariana','Sassari',1),(423,'Ristorante SAS3','Sushi','Sassari',4),(424,'Ristorante SAS4','Vegetariana','Sassari',1),(425,'Ristorante SAS5','Pizza','Sassari',1),(426,'Ristorante SAV1','Griglia','Savona',3),(427,'Ristorante SAV2','Griglia','Savona',2),(428,'Ristorante SAV3','Pizza','Savona',3),(429,'Ristorante SAV4','Gourmet','Savona',1),(430,'Ristorante SAV5','Pizza','Savona',4),(431,'Ristorante SIE1','Griglia','Siena',4),(432,'Ristorante SIE2','Vegetariana','Siena',1),(433,'Ristorante SIE3','Gourmet','Siena',4),(434,'Ristorante SIE4','Vegetariana','Siena',2),(435,'Ristorante SIE5','Fusion','Siena',1),(436,'Ristorante SIR1','Fusion','Siracusa',1),(437,'Ristorante SIR2','Fusion','Siracusa',1),(438,'Ristorante SIR3','Fusion','Siracusa',3),(439,'Ristorante SIR4','Griglia','Siracusa',4),(440,'Ristorante SIR5','Pizza','Siracusa',5),(441,'Ristorante SON1','Vegetariana','Sondrio',5),(442,'Ristorante SON2','Sushi','Sondrio',5),(443,'Ristorante SON3','Italiana','Sondrio',2),(444,'Ristorante SON4','Fusion','Sondrio',3),(445,'Ristorante SON5','Gourmet','Sondrio',3),(446,'Ristorante SUD1','Fusion','Sud Sardegna',4),(447,'Ristorante SUD2','Pizza','Sud Sardegna',4),(448,'Ristorante SUD3','Griglia','Sud Sardegna',4),(449,'Ristorante SUD4','Griglia','Sud Sardegna',3),(450,'Ristorante SUD5','Fusion','Sud Sardegna',5),(451,'Ristorante TAR1','Vegetariana','Taranto',1),(452,'Ristorante TAR2','Italiana','Taranto',5),(453,'Ristorante TAR3','Griglia','Taranto',4),(454,'Ristorante TAR4','Vegetariana','Taranto',2),(455,'Ristorante TAR5','Italiana','Taranto',2),(456,'Ristorante TER1','Pizza','Teramo',2),(457,'Ristorante TER2','Sushi','Teramo',2),(458,'Ristorante TER3','Gourmet','Teramo',3),(459,'Ristorante TER4','Fusion','Teramo',3),(460,'Ristorante TER5','Pizza','Teramo',5),(461,'Ristorante TER1','Griglia','Terni',3),(462,'Ristorante TER2','Vegetariana','Terni',1),(463,'Ristorante TER3','Fusion','Terni',5),(464,'Ristorante TER4','Griglia','Terni',1),(465,'Ristorante TER5','Griglia','Terni',4),(466,'Ristorante TOR1','Fusion','Torino',2),(467,'Ristorante TOR2','Vegetariana','Torino',4),(468,'Ristorante TOR3','Sushi','Torino',5),(469,'Ristorante TOR4','Vegetariana','Torino',4),(470,'Ristorante TOR5','Vegetariana','Torino',2),(471,'Ristorante TRA1','Fusion','Trapani',1),(472,'Ristorante TRA2','Pizza','Trapani',3),(473,'Ristorante TRA3','Fusion','Trapani',4),(474,'Ristorante TRA4','Sushi','Trapani',5),(475,'Ristorante TRA5','Vegetariana','Trapani',1),(476,'Ristorante TRE1','Sushi','Trento',1),(477,'Ristorante TRE2','Gourmet','Trento',4),(478,'Ristorante TRE3','Gourmet','Trento',3),(479,'Ristorante TRE4','Griglia','Trento',2),(480,'Ristorante TRE5','Sushi','Trento',5),(481,'Ristorante TRE1','Italiana','Treviso',3),(482,'Ristorante TRE2','Italiana','Treviso',1),(483,'Ristorante TRE3','Fusion','Treviso',3),(484,'Ristorante TRE4','Gourmet','Treviso',2),(485,'Ristorante TRE5','Griglia','Treviso',2),(486,'Ristorante TRI1','Griglia','Trieste',2),(487,'Ristorante TRI2','Italiana','Trieste',3),(488,'Ristorante TRI3','Italiana','Trieste',2),(489,'Ristorante TRI4','Sushi','Trieste',5),(490,'Ristorante TRI5','Sushi','Trieste',2),(491,'Ristorante UDI1','Griglia','Udine',4),(492,'Ristorante UDI2','Fusion','Udine',4),(493,'Ristorante UDI3','Griglia','Udine',2),(494,'Ristorante UDI4','Sushi','Udine',1),(495,'Ristorante UDI5','Italiana','Udine',1),(496,'Ristorante VAR1','Griglia','Varese',5),(497,'Ristorante VAR2','Vegetariana','Varese',5),(498,'Ristorante VAR3','Gourmet','Varese',2),(499,'Ristorante VAR4','Gourmet','Varese',3),(500,'Ristorante VAR5','Griglia','Varese',1),(501,'Ristorante VEN1','Fusion','Venezia',3),(502,'Ristorante VEN2','Griglia','Venezia',4),(503,'Ristorante VEN3','Sushi','Venezia',1),(504,'Ristorante VEN4','Sushi','Venezia',2),(505,'Ristorante VEN5','Gourmet','Venezia',1),(506,'Ristorante VER1','Pizza','Verbano-Cusio-Ossola',3),(507,'Ristorante VER2','Italiana','Verbano-Cusio-Ossola',3),(508,'Ristorante VER3','Italiana','Verbano-Cusio-Ossola',2),(509,'Ristorante VER4','Vegetariana','Verbano-Cusio-Ossola',5),(510,'Ristorante VER5','Pizza','Verbano-Cusio-Ossola',1),(511,'Ristorante VER1','Vegetariana','Vercelli',2),(512,'Ristorante VER2','Griglia','Vercelli',4),(513,'Ristorante VER3','Italiana','Vercelli',4),(514,'Ristorante VER4','Griglia','Vercelli',5),(515,'Ristorante VER5','Fusion','Vercelli',4),(516,'Ristorante VER1','Vegetariana','Verona',1),(517,'Ristorante VER2','Gourmet','Verona',4),(518,'Ristorante VER3','Italiana','Verona',5),(519,'Ristorante VER4','Gourmet','Verona',4),(520,'Ristorante VER5','Fusion','Verona',2),(521,'Ristorante VIB1','Fusion','Vibo valentia',4),(522,'Ristorante VIB2','Italiana','Vibo valentia',4),(523,'Ristorante VIB3','Sushi','Vibo valentia',4),(524,'Ristorante VIB4','Gourmet','Vibo valentia',2),(525,'Ristorante VIB5','Gourmet','Vibo valentia',4),(526,'Ristorante VIC1','Pizza','Vicenza',3),(527,'Ristorante VIC2','Vegetariana','Vicenza',1),(528,'Ristorante VIC3','Griglia','Vicenza',1),(529,'Ristorante VIC4','Griglia','Vicenza',5),(530,'Ristorante VIC5','Vegetariana','Vicenza',2),(531,'Ristorante VIT1','Gourmet','Viterbo',2),(532,'Ristorante VIT2','Vegetariana','Viterbo',1),(533,'Ristorante VIT3','Fusion','Viterbo',5),(534,'Ristorante VIT4','Pizza','Viterbo',3),(535,'Ristorante VIT5','Vegetariana','Viterbo',2);
/*!40000 ALTER TABLE `ristorante` ENABLE KEYS */;
UNLOCK TABLES;

--
-- Table structure for table `sessions`
--

DROP TABLE IF EXISTS `sessions`;
/*!40101 SET @saved_cs_client     = @@character_set_client */;
/*!50503 SET character_set_client = utf8mb4 */;
CREATE TABLE `sessions` (
  `id` varchar(255) CHARACTER SET utf8mb4 COLLATE utf8mb4_unicode_ci NOT NULL,
  `user_id` bigint unsigned DEFAULT NULL,
  `ip_address` varchar(45) CHARACTER SET utf8mb4 COLLATE utf8mb4_unicode_ci DEFAULT NULL,
  `user_agent` text CHARACTER SET utf8mb4 COLLATE utf8mb4_unicode_ci,
  `payload` longtext CHARACTER SET utf8mb4 COLLATE utf8mb4_unicode_ci NOT NULL,
  `last_activity` int NOT NULL,
  PRIMARY KEY (`id`),
  KEY `sessions_user_id_index` (`user_id`),
  KEY `sessions_last_activity_index` (`last_activity`)
) ENGINE=InnoDB DEFAULT CHARSET=utf8mb4 COLLATE=utf8mb4_unicode_ci;
/*!40101 SET character_set_client = @saved_cs_client */;

--
-- Dumping data for table `sessions`
--

LOCK TABLES `sessions` WRITE;
/*!40000 ALTER TABLE `sessions` DISABLE KEYS */;
INSERT INTO `sessions` VALUES ('ABmgHHdLBCOpsDeVGHHFVeBAYGk1kIsMPHjfrfdt',NULL,'127.0.0.1','Mozilla/5.0 (Windows NT 10.0; Win64; x64) AppleWebKit/537.36 (KHTML, like Gecko) Chrome/138.0.0.0 Safari/537.36','YTo0OntzOjY6Il90b2tlbiI7czo0MDoiWnJ0ZmpiWXh6RmlmWXZhMTZXZmhIeDMwNG1Yb3ltbWl4YnpzSlAzQiI7czo2OiJfZmxhc2giO2E6Mjp7czozOiJvbGQiO2E6MDp7fXM6MzoibmV3IjthOjA6e319czo5OiJfcHJldmlvdXMiO2E6MTp7czozOiJ1cmwiO3M6MjE6Imh0dHA6Ly8xMjcuMC4wLjE6ODAwMCI7fXM6MTI6ImVtYWlsX3V0ZW50ZSI7czoyMzoiZ2lhbm5pbW9yYW5kaUBnbWFpbC5jb20iO30=',1753861380);
/*!40000 ALTER TABLE `sessions` ENABLE KEYS */;
UNLOCK TABLES;

--
-- Table structure for table `tipicucina`
--

DROP TABLE IF EXISTS `tipicucina`;
/*!40101 SET @saved_cs_client     = @@character_set_client */;
/*!50503 SET character_set_client = utf8mb4 */;
CREATE TABLE `tipicucina` (
  `id` int NOT NULL AUTO_INCREMENT,
  `nomecucina` varchar(100) CHARACTER SET utf8mb4 COLLATE utf8mb4_general_ci NOT NULL,
  `path_icona` varchar(32) CHARACTER SET utf8mb4 COLLATE utf8mb4_general_ci NOT NULL,
  PRIMARY KEY (`id`),
  UNIQUE KEY `nomecucina` (`nomecucina`),
  UNIQUE KEY `path_icona` (`path_icona`)
) ENGINE=InnoDB AUTO_INCREMENT=9 DEFAULT CHARSET=utf8mb4 COLLATE=utf8mb4_general_ci;
/*!40101 SET character_set_client = @saved_cs_client */;

--
-- Dumping data for table `tipicucina`
--

LOCK TABLES `tipicucina` WRITE;
/*!40000 ALTER TABLE `tipicucina` DISABLE KEYS */;
INSERT INTO `tipicucina` VALUES (1,'Italiana','italiana.svg'),(2,'Giapponese','giapponese.svg'),(3,'Messicana','messicana.svg'),(4,'Indiana','indiana.svg'),(5,'Cinese','cinese.svg'),(6,'Greca','greca.svg'),(7,'Thailandese','thailandese.svg'),(8,'Francese','francese.svg');
/*!40000 ALTER TABLE `tipicucina` ENABLE KEYS */;
UNLOCK TABLES;

--
-- Table structure for table `users`
--

DROP TABLE IF EXISTS `users`;
/*!40101 SET @saved_cs_client     = @@character_set_client */;
/*!50503 SET character_set_client = utf8mb4 */;
CREATE TABLE `users` (
  `email` varchar(64) CHARACTER SET utf8mb4 COLLATE utf8mb4_general_ci NOT NULL,
  `password` varchar(64) CHARACTER SET utf8mb4 COLLATE utf8mb4_general_ci NOT NULL,
  UNIQUE KEY `email` (`email`)
) ENGINE=InnoDB DEFAULT CHARSET=utf8mb4 COLLATE=utf8mb4_general_ci;
/*!40101 SET character_set_client = @saved_cs_client */;

--
-- Dumping data for table `users`
--

LOCK TABLES `users` WRITE;
/*!40000 ALTER TABLE `users` DISABLE KEYS */;
INSERT INTO `users` VALUES ('',''),('animalkartwii@gmail.com','provaprova'),('ciao@gmail.com','ciaociao'),('emailtest@gmail.com','emailtest'),('estate@gmail.com','estateinverno'),('giannimorandi@gmail.com','giannigianni'),('helloworld@gmail.com','helloworld'),('pro@gmail.com','ciaociaociao'),('prova2@gmail.com','password11');
/*!40000 ALTER TABLE `users` ENABLE KEYS */;
UNLOCK TABLES;

--
-- Table structure for table `utenti_info`
--

DROP TABLE IF EXISTS `utenti_info`;
/*!40101 SET @saved_cs_client     = @@character_set_client */;
/*!50503 SET character_set_client = utf8mb4 */;
CREATE TABLE `utenti_info` (
  `email` varchar(64) CHARACTER SET utf8mb4 COLLATE utf8mb4_general_ci NOT NULL,
  `nome` varchar(100) CHARACTER SET utf8mb4 COLLATE utf8mb4_general_ci DEFAULT NULL,
  `cognome` varchar(100) CHARACTER SET utf8mb4 COLLATE utf8mb4_general_ci DEFAULT NULL,
  `data_di_nascita` date DEFAULT NULL,
  `sesso` char(1) CHARACTER SET utf8mb4 COLLATE utf8mb4_general_ci DEFAULT NULL,
  `numero_telefono` varchar(20) CHARACTER SET utf8mb4 COLLATE utf8mb4_general_ci DEFAULT NULL,
  PRIMARY KEY (`email`),
  CONSTRAINT `utenti_info_ibfk_1` FOREIGN KEY (`email`) REFERENCES `users` (`email`) ON DELETE CASCADE ON UPDATE CASCADE
) ENGINE=InnoDB DEFAULT CHARSET=utf8mb4 COLLATE=utf8mb4_general_ci;
/*!40101 SET character_set_client = @saved_cs_client */;

--
-- Dumping data for table `utenti_info`
--

LOCK TABLES `utenti_info` WRITE;
/*!40000 ALTER TABLE `utenti_info` DISABLE KEYS */;
INSERT INTO `utenti_info` VALUES ('animalkartwii@gmail.com','Riccardo','Pulvirenti','2004-04-15','M','+39123456789'),('ciao@gmail.com','','','0000-00-00','',''),('giannimorandi@gmail.com','Gianni','Morandi','2025-07-10','M',NULL),('helloworld@gmail.com','ciao','mondo',NULL,'M',NULL),('pro@gmail.com','','','0000-00-00','',''),('prova2@gmail.com','ciao','mbare','0000-00-00','M','');
/*!40000 ALTER TABLE `utenti_info` ENABLE KEYS */;
UNLOCK TABLES;
/*!40103 SET TIME_ZONE=@OLD_TIME_ZONE */;

/*!40101 SET SQL_MODE=@OLD_SQL_MODE */;
/*!40014 SET FOREIGN_KEY_CHECKS=@OLD_FOREIGN_KEY_CHECKS */;
/*!40014 SET UNIQUE_CHECKS=@OLD_UNIQUE_CHECKS */;
/*!40101 SET CHARACTER_SET_CLIENT=@OLD_CHARACTER_SET_CLIENT */;
/*!40101 SET CHARACTER_SET_RESULTS=@OLD_CHARACTER_SET_RESULTS */;
/*!40101 SET COLLATION_CONNECTION=@OLD_COLLATION_CONNECTION */;
/*!40111 SET SQL_NOTES=@OLD_SQL_NOTES */;

-- Dump completed on 2025-07-30  9:47:07
